bytes_in,bytes_out,creation_time,end_time,src_ip,src_ip_country_code,protocol,response.code,dst_port,dst_ip,rule_names,observation_name,source.meta,source.name,time,detection_types,session_duration,avg_packet_size,scaled_bytes_in,scaled_bytes_out,scaled_session_duration,scaled_avg_packet_size,src_ip_country_code_AE,src_ip_country_code_AT,src_ip_country_code_CA,src_ip_country_code_DE,src_ip_country_code_IL,src_ip_country_code_NL,src_ip_country_code_US,anomaly
5602,12990,2024-04-25 23:00:00+00:00,2024-04-25 23:10:00+00:00,147.161.161.82,AE,HTTPS,200,443,10.138.69.97,Suspicious Web Traffic,Adversary Infrastructure Interaction,AWS_VPC_Flow,prod_webserver,2024-04-25 23:00:00+00:00,waf_rule,600.0,30.986666666666668,-0.2882189830892961,-0.2812227163556807,0.0,-0.2878500502365067,1.0,0.0,0.0,0.0,0.0,0.0,0.0,Normal
30912,18186,2024-04-25 23:00:00+00:00,2024-04-25 23:10:00+00:00,165.225.33.6,US,HTTPS,200,443,10.138.69.97,Suspicious Web Traffic,Adversary Infrastructure Interaction,AWS_VPC_Flow,prod_webserver,2024-04-25 23:00:00+00:00,waf_rule,600.0,81.83,-0.2821083325450911,-0.2608042476158271,0.0,-0.2809103605013862,0.0,0.0,0.0,0.0,0.0,0.0,1.0,Normal
28506,13468,2024-04-25 23:00:00+00:00,2024-04-25 23:10:00+00:00,165.225.212.255,CA,HTTPS,200,443,10.138.69.97,Suspicious Web Traffic,Adversary Infrastructure Interaction,AWS_VPC_Flow,prod_webserver,2024-04-25 23:00:00+00:00,waf_rule,600.0,69.95666666666666,-0.2826892185667962,-0.2793443429804593,0.0,-0.2825309711902015,0.0,0.0,1.0,0.0,0.0,0.0,0.0,Normal
30546,14278,2024-04-25 23:00:00+00:00,2024-04-25 23:10:00+00:00,136.226.64.114,US,HTTPS,200,443,10.138.69.97,Suspicious Web Traffic,Adversary Infrastructure Interaction,AWS_VPC_Flow,prod_webserver,2024-04-25 23:00:00+00:00,waf_rule,600.0,74.70666666666666,-0.2821966967528816,-0.2761613253362558,0.0,-0.2818826359202516,0.0,0.0,0.0,0.0,0.0,0.0,1.0,Normal
6526,13892,2024-04-25 23:00:00+00:00,2024-04-25 23:10:00+00:00,165.225.240.79,NL,HTTPS,200,443,10.138.69.97,Suspicious Web Traffic,Adversary Infrastructure Interaction,AWS_VPC_Flow,prod_webserver,2024-04-25 23:00:00+00:00,waf_rule,600.0,34.03,-0.2879958996794642,-0.2776781707815182,0.0,-0.2874346606916194,0.0,0.0,0.0,0.0,0.0,1.0,0.0,Normal
3906,3488,2024-04-25 23:00:00+00:00,2024-04-25 23:10:00+00:00,136.226.77.103,CA,HTTPS,200,443,10.138.69.97,Suspicious Web Traffic,Adversary Infrastructure Interaction,AWS_VPC_Flow,prod_webserver,2024-04-25 23:00:00+00:00,waf_rule,600.0,12.323333333333334,-0.2886284522051781,-0.3185622640781765,0.0,-0.2903974391322609,0.0,0.0,1.0,0.0,0.0,0.0,0.0,Normal
17748,29208,2024-04-25 23:00:00+00:00,2024-04-25 23:10:00+00:00,165.225.26.101,DE,HTTPS,200,443,10.138.69.97,Suspicious Web Traffic,Adversary Infrastructure Interaction,AWS_VPC_Flow,prod_webserver,2024-04-25 23:00:00+00:00,waf_rule,600.0,78.26,-0.2852865468384106,-0.2174916297461839,0.0,-0.281397635641117,0.0,0.0,0.0,1.0,0.0,0.0,0.0,Normal
4767917,291520,2024-04-25 23:00:00+00:00,2024-04-25 23:10:00+00:00,155.91.45.242,US,HTTPS,200,443,10.138.69.97,Suspicious Web Traffic,Adversary Infrastructure Interaction,AWS_VPC_Flow,prod_webserver,2024-04-25 23:00:00+00:00,waf_rule,600.0,8432.395,0.8615574983973137,0.8133030915949376,0.0,0.8588719160269603,0.0,0.0,0.0,0.0,0.0,0.0,1.0,Normal
10538,15514,2024-04-25 23:00:00+00:00,2024-04-25 23:10:00+00:00,165.225.209.4,CA,HTTPS,200,443,10.138.69.97,Suspicious Web Traffic,Adversary Infrastructure Interaction,AWS_VPC_Flow,prod_webserver,2024-04-25 23:00:00+00:00,waf_rule,600.0,43.42,-0.2870272734454323,-0.2713042761902861,0.0,-0.2861530042316552,0.0,0.0,1.0,0.0,0.0,0.0,0.0,Normal
9656,6380,2024-04-25 23:00:00+00:00,2024-04-25 23:10:00+00:00,147.161.131.1,AT,HTTPS,200,443,10.138.69.97,Suspicious Web Traffic,Adversary Infrastructure Interaction,AWS_VPC_Flow,prod_webserver,2024-04-25 23:00:00+00:00,waf_rule,600.0,26.726666666666667,-0.2872402167002718,-0.3071977121929463,0.0,-0.288431504604925,0.0,1.0,0.0,0.0,0.0,0.0,0.0,Normal
57208,32874,2024-04-25 23:10:00+00:00,2024-04-25 23:20:00+00:00,165.225.33.6,US,HTTPS,200,443,10.138.69.97,Suspicious Web Traffic,Adversary Infrastructure Interaction,AWS_VPC_Flow,prod_webserver,2024-04-25 23:10:00+00:00,waf_rule,600.0,150.13666666666666,-0.2757596297908273,-0.2030855276676036,0.0,-0.2715870718334462,0.0,0.0,0.0,0.0,0.0,0.0,1.0,Normal
18162,30492,2024-04-25 23:10:00+00:00,2024-04-25 23:20:00+00:00,136.226.67.101,US,HTTPS,200,443,10.138.69.97,Suspicious Web Traffic,Adversary Infrastructure Interaction,AWS_VPC_Flow,prod_webserver,2024-04-25 23:10:00+00:00,waf_rule,600.0,81.09,-0.2851865938820573,-0.2124459573324095,0.0,-0.2810113643118626,0.0,0.0,0.0,0.0,0.0,0.0,1.0,Normal
28056,4832,2024-04-25 23:10:00+00:00,2024-04-25 23:20:00+00:00,165.225.212.255,CA,HTTPS,200,443,10.138.69.97,Suspicious Web Traffic,Adversary Infrastructure Interaction,AWS_VPC_Flow,prod_webserver,2024-04-25 23:10:00+00:00,waf_rule,600.0,54.81333333333333,-0.2827978630845715,-0.3132808125796463,0.0,-0.2845979095280138,0.0,0.0,1.0,0.0,0.0,0.0,0.0,Normal
73752,18924,2024-04-25 23:10:00+00:00,2024-04-25 23:20:00+00:00,136.226.64.114,US,HTTPS,200,443,10.138.69.97,Suspicious Web Traffic,Adversary Infrastructure Interaction,AWS_VPC_Flow,prod_webserver,2024-04-25 23:10:00+00:00,waf_rule,600.0,154.46,-0.2717653744528846,-0.2579041648733305,0.0,-0.270996972994762,0.0,0.0,0.0,0.0,0.0,0.0,1.0,Normal
4080,11282,2024-04-25 23:10:00+00:00,2024-04-25 23:20:00+00:00,94.188.248.74,IL,HTTPS,200,443,10.138.69.97,Suspicious Web Traffic,Adversary Infrastructure Interaction,AWS_VPC_Flow,prod_webserver,2024-04-25 23:10:00+00:00,waf_rule,600.0,25.60333333333333,-0.2885864429916383,-0.2879345609683962,0.0,-0.2885848302091166,0.0,0.0,0.0,0.0,1.0,0.0,0.0,Normal
1968903,38773,2024-04-25 23:10:00+00:00,2024-04-25 23:20:00+00:00,165.225.240.79,NL,HTTPS,200,443,10.138.69.97,Suspicious Web Traffic,Adversary Infrastructure Interaction,AWS_VPC_Flow,prod_webserver,2024-04-25 23:10:00+00:00,waf_rule,600.0,3346.1266666666666,0.1857852177834185,-0.1799045139846944,0.0,0.1646388311996814,0.0,0.0,0.0,0.0,0.0,1.0,0.0,Normal
6958,12854,2024-04-25 23:10:00+00:00,2024-04-25 23:20:00+00:00,136.226.77.103,CA,HTTPS,200,443,10.138.69.97,Suspicious Web Traffic,Adversary Infrastructure Interaction,AWS_VPC_Flow,prod_webserver,2024-04-25 23:10:00+00:00,waf_rule,600.0,33.02,-0.2878916009424,-0.2817571489477938,0.0,-0.2875725172437562,0.0,0.0,1.0,0.0,0.0,0.0,0.0,Normal
8310,6276,2024-04-25 23:10:00+00:00,2024-04-25 23:20:00+00:00,165.225.26.101,DE,HTTPS,200,443,10.138.69.97,Suspicious Web Traffic,Adversary Infrastructure Interaction,AWS_VPC_Flow,prod_webserver,2024-04-25 23:10:00+00:00,waf_rule,600.0,24.31,-0.2875651845245507,-0.3076063959398563,0.0,-0.2887613593913907,0.0,0.0,0.0,1.0,0.0,0.0,0.0,Normal
4804723,291088,2024-04-25 23:10:00+00:00,2024-04-25 23:20:00+00:00,155.91.45.242,US,HTTPS,200,443,10.138.69.97,Suspicious Web Traffic,Adversary Infrastructure Interaction,AWS_VPC_Flow,prod_webserver,2024-04-25 23:10:00+00:00,waf_rule,600.0,8493.018333333333,0.8704436542222845,0.8116054821846957,0.0,0.8671464939599988,0.0,0.0,0.0,0.0,0.0,0.0,1.0,Normal
11820,24620,2024-04-25 23:10:00+00:00,2024-04-25 23:20:00+00:00,165.225.209.4,CA,HTTPS,200,443,10.138.69.97,Suspicious Web Traffic,Adversary Infrastructure Interaction,AWS_VPC_Flow,prod_webserver,2024-04-25 23:10:00+00:00,waf_rule,600.0,60.73333333333333,-0.2867177572859035,-0.2355208704271785,0.0,-0.2837898790442026,0.0,0.0,1.0,0.0,0.0,0.0,0.0,Normal
8206,6068,2024-04-25 23:10:00+00:00,2024-04-25 23:20:00+00:00,147.161.131.1,AT,HTTPS,200,443,10.138.69.97,Suspicious Web Traffic,Adversary Infrastructure Interaction,AWS_VPC_Flow,prod_webserver,2024-04-25 23:10:00+00:00,waf_rule,600.0,23.79,-0.2875902934797699,-0.3084237634336765,0.0,-0.2888323350419958,0.0,1.0,0.0,0.0,0.0,0.0,0.0,Normal
29356,17408,2024-04-25 23:20:00+00:00,2024-04-25 23:30:00+00:00,165.225.33.6,US,HTTPS,200,443,10.138.69.97,Suspicious Web Traffic,Adversary Infrastructure Interaction,AWS_VPC_Flow,prod_webserver,2024-04-25 23:20:00+00:00,waf_rule,600.0,77.94,-0.2824840011443318,-0.2638615164148275,0.0,-0.2814413129645663,0.0,0.0,0.0,0.0,0.0,0.0,1.0,Normal
26178,33801,2024-04-25 23:20:00+00:00,2024-04-25 23:30:00+00:00,136.226.67.101,US,HTTPS,200,443,10.138.69.97,Suspicious Web Traffic,Adversary Infrastructure Interaction,AWS_VPC_Flow,prod_webserver,2024-04-25 23:20:00+00:00,waf_rule,600.0,99.965,-0.283251272872087,-0.1994427408081263,0.0,-0.2784350846865352,0.0,0.0,0.0,0.0,0.0,0.0,1.0,Normal
29308,15652,2024-04-25 23:20:00+00:00,2024-04-25 23:30:00+00:00,165.225.213.7,CA,HTTPS,200,443,10.138.69.97,Suspicious Web Traffic,Adversary Infrastructure Interaction,AWS_VPC_Flow,prod_webserver,2024-04-25 23:20:00+00:00,waf_rule,600.0,74.93333333333334,-0.2824955898928945,-0.2707619842953477,0.0,-0.2818516978161416,0.0,0.0,1.0,0.0,0.0,0.0,0.0,Normal
60068,12628,2024-04-25 23:20:00+00:00,2024-04-25 23:30:00+00:00,136.226.64.114,US,HTTPS,200,443,10.138.69.97,Suspicious Web Traffic,Adversary Infrastructure Interaction,AWS_VPC_Flow,prod_webserver,2024-04-25 23:20:00+00:00,waf_rule,600.0,121.16,-0.2750691335222999,-0.2826452501670407,0.0,-0.2755421444662006,0.0,0.0,0.0,0.0,0.0,0.0,1.0,Normal
4043,7629,2024-04-25 23:20:00+00:00,2024-04-25 23:30:00+00:00,165.225.240.79,NL,HTTPS,200,443,10.138.69.97,Suspicious Web Traffic,Adversary Infrastructure Interaction,AWS_VPC_Flow,prod_webserver,2024-04-25 23:20:00+00:00,waf_rule,600.0,19.453333333333333,-0.2885953759853221,-0.3022895775786127,0.0,-0.2894242537691571,0.0,0.0,0.0,0.0,0.0,1.0,0.0,Normal
3102,11038,2024-04-25 23:20:00+00:00,2024-04-25 23:30:00+00:00,165.225.8.79,US,HTTPS,200,443,10.138.69.97,Suspicious Web Traffic,Adversary Infrastructure Interaction,AWS_VPC_Flow,prod_webserver,2024-04-25 23:20:00+00:00,waf_rule,600.0,23.566666666666663,-0.2888225637436032,-0.2888933959130698,0.0,-0.2888628181739864,0.0,0.0,0.0,0.0,0.0,0.0,1.0,Normal
8310,6070,2024-04-25 23:20:00+00:00,2024-04-25 23:30:00+00:00,165.225.26.101,DE,HTTPS,200,443,10.138.69.97,Suspicious Web Traffic,Adversary Infrastructure Interaction,AWS_VPC_Flow,prod_webserver,2024-04-25 23:20:00+00:00,waf_rule,600.0,23.966666666666665,-0.2875651845245507,-0.3084159041308513,0.0,-0.2888082215196748,0.0,0.0,0.0,1.0,0.0,0.0,0.0,Normal
5528,12010,2024-04-25 23:20:00+00:00,2024-04-25 23:30:00+00:00,165.225.209.4,CA,HTTPS,200,443,10.138.69.97,Suspicious Web Traffic,Adversary Infrastructure Interaction,AWS_VPC_Flow,prod_webserver,2024-04-25 23:20:00+00:00,waf_rule,600.0,29.23,-0.2882368490766637,-0.2850737747400256,0.0,-0.2880898205433583,0.0,0.0,1.0,0.0,0.0,0.0,0.0,Normal
4926,11570,2024-04-25 23:20:00+00:00,2024-04-25 23:30:00+00:00,147.161.131.1,AT,HTTPS,200,443,10.138.69.97,Suspicious Web Traffic,Adversary Infrastructure Interaction,AWS_VPC_Flow,prod_webserver,2024-04-25 23:20:00+00:00,waf_rule,600.0,27.49333333333333,-0.2883821912982208,-0.2868028213615683,0.0,-0.2883268610174944,0.0,1.0,0.0,0.0,0.0,0.0,0.0,Normal
7724,6288,2024-04-25 23:20:00+00:00,2024-04-25 23:30:00+00:00,136.226.80.97,US,HTTPS,200,443,10.138.69.97,Suspicious Web Traffic,Adversary Infrastructure Interaction,AWS_VPC_Flow,prod_webserver,2024-04-25 23:20:00+00:00,waf_rule,600.0,23.35333333333333,-0.2877066638299203,-0.3075592401229052,0.0,-0.2888919363896192,0.0,0.0,0.0,0.0,0.0,0.0,1.0,Normal
80,528,2024-04-25 23:20:00+00:00,2024-04-25 23:30:00+00:00,192.241.230.19,US,HTTPS,200,443,10.138.69.97,Suspicious Web Traffic,Adversary Infrastructure Interaction,AWS_VPC_Flow,prod_webserver,2024-04-25 23:20:00+00:00,waf_rule,600.0,1.0133333333333334,-0.2895521720385297,-0.3301940322594634,0.0,-0.2919411595329207,0.0,0.0,0.0,0.0,0.0,0.0,1.0,Normal
23048,24124,2024-04-25 23:30:00+00:00,2024-04-25 23:40:00+00:00,136.226.67.101,US,HTTPS,200,443,10.138.69.97,Suspicious Web Traffic,Adversary Infrastructure Interaction,AWS_VPC_Flow,prod_webserver,2024-04-25 23:30:00+00:00,waf_rule,600.0,78.62,-0.2840069558512795,-0.2374699775278266,0.0,-0.2813484986522366,0.0,0.0,0.0,0.0,0.0,0.0,1.0,Normal
28444,13468,2024-04-25 23:30:00+00:00,2024-04-25 23:40:00+00:00,165.225.212.255,CA,HTTPS,200,443,10.138.69.97,Suspicious Web Traffic,Adversary Infrastructure Interaction,AWS_VPC_Flow,prod_webserver,2024-04-25 23:30:00+00:00,waf_rule,600.0,69.85333333333334,-0.2827041873670231,-0.2793443429804593,0.0,-0.2825450753258986,0.0,0.0,1.0,0.0,0.0,0.0,0.0,Normal
5824,11568,2024-04-25 23:30:00+00:00,2024-04-25 23:40:00+00:00,136.226.77.103,CA,HTTPS,200,443,10.138.69.97,Suspicious Web Traffic,Adversary Infrastructure Interaction,AWS_VPC_Flow,prod_webserver,2024-04-25 23:30:00+00:00,waf_rule,600.0,28.986666666666668,-0.2881653851271937,-0.2868106806643934,0.0,-0.2881230335080645,0.0,0.0,1.0,0.0,0.0,0.0,0.0,Normal
10474,23244,2024-04-25 23:30:00+00:00,2024-04-25 23:40:00+00:00,165.225.26.101,DE,HTTPS,200,443,10.138.69.97,Suspicious Web Traffic,Adversary Infrastructure Interaction,AWS_VPC_Flow,prod_webserver,2024-04-25 23:30:00+00:00,waf_rule,600.0,56.196666666666665,-0.2870427251101825,-0.2409280707709119,0.0,-0.2844090960985196,0.0,0.0,0.0,1.0,0.0,0.0,0.0,Normal
4190330,283456,2024-04-25 23:30:00+00:00,2024-04-25 23:40:00+00:00,155.91.45.242,US,HTTPS,200,443,10.138.69.97,Suspicious Web Traffic,Adversary Infrastructure Interaction,AWS_VPC_Flow,prod_webserver,2024-04-25 23:30:00+00:00,waf_rule,600.0,7456.31,0.7221093626456033,0.7816143826037562,0.0,0.7256444777176758,0.0,0.0,0.0,0.0,0.0,0.0,1.0,Suspicious
5080,11512,2024-04-25 23:30:00+00:00,2024-04-25 23:40:00+00:00,165.225.209.4,CA,HTTPS,200,443,10.138.69.97,Suspicious Web Traffic,Adversary Infrastructure Interaction,AWS_VPC_Flow,prod_webserver,2024-04-25 23:30:00+00:00,waf_rule,600.0,27.65333333333333,-0.2883450107299155,-0.2870307411434989,0.0,-0.2883050223557699,0.0,0.0,1.0,0.0,0.0,0.0,0.0,Normal
4220,11672,2024-04-25 23:30:00+00:00,2024-04-25 23:40:00+00:00,136.226.80.97,US,HTTPS,200,443,10.138.69.97,Suspicious Web Traffic,Adversary Infrastructure Interaction,AWS_VPC_Flow,prod_webserver,2024-04-25 23:30:00+00:00,waf_rule,600.0,26.486666666666668,-0.2885526424749972,-0.2864019969174834,0.0,-0.2884642625975119,0.0,0.0,0.0,0.0,0.0,0.0,1.0,Normal
952,668,2024-04-25 23:30:00+00:00,2024-04-25 23:40:00+00:00,192.241.230.19,US,HTTPS,200,443,10.138.69.97,Suspicious Web Traffic,Adversary Infrastructure Interaction,AWS_VPC_Flow,prod_webserver,2024-04-25 23:30:00+00:00,waf_rule,600.0,2.7,-0.2893416431063074,-0.3296438810616998,0.0,-0.2917109436405736,0.0,0.0,0.0,0.0,0.0,0.0,1.0,Normal
36745,28952,2024-04-25 23:40:00+00:00,2024-04-25 23:50:00+00:00,165.225.33.6,US,HTTPS,200,443,10.138.69.97,Suspicious Web Traffic,Adversary Infrastructure Interaction,AWS_VPC_Flow,prod_webserver,2024-04-25 23:40:00+00:00,waf_rule,600.0,109.495,-0.2807000581624617,-0.2184976205078087,0.0,-0.2771343193975619,0.0,0.0,0.0,0.0,0.0,0.0,1.0,Normal
12068,25589,2024-04-25 23:40:00+00:00,2024-04-25 23:50:00+00:00,136.226.67.101,US,HTTPS,200,443,10.138.69.97,Suspicious Web Traffic,Adversary Infrastructure Interaction,AWS_VPC_Flow,prod_webserver,2024-04-25 23:40:00+00:00,waf_rule,600.0,62.76166666666666,-0.2866578820849963,-0.2317130382083721,0.0,-0.2835130285096309,0.0,0.0,0.0,0.0,0.0,0.0,1.0,Normal
57462,20222,2024-04-25 23:40:00+00:00,2024-04-25 23:50:00+00:00,165.225.212.255,CA,HTTPS,200,443,10.138.69.97,Suspicious Web Traffic,Adversary Infrastructure Interaction,AWS_VPC_Flow,prod_webserver,2024-04-25 23:40:00+00:00,waf_rule,600.0,129.47333333333333,-0.2756983059963496,-0.2528034773397798,0.0,-0.2744074440007584,0.0,0.0,1.0,0.0,0.0,0.0,0.0,Normal
2015975,79990,2024-04-25 23:40:00+00:00,2024-04-25 23:50:00+00:00,165.225.240.79,NL,HTTPS,200,443,10.138.69.97,Suspicious Web Traffic,Adversary Infrastructure Interaction,AWS_VPC_Flow,prod_webserver,2024-04-25 23:40:00+00:00,waf_rule,600.0,3493.275,0.1971499172072361,-0.0179360717116874,0.0,0.1847233479184925,0.0,0.0,0.0,0.0,0.0,1.0,0.0,Normal
4064,11384,2024-04-25 23:40:00+00:00,2024-04-25 23:50:00+00:00,94.188.248.74,IL,HTTPS,200,443,10.138.69.97,Suspicious Web Traffic,Adversary Infrastructure Interaction,AWS_VPC_Flow,prod_webserver,2024-04-25 23:40:00+00:00,waf_rule,600.0,25.746666666666663,-0.2885903059078259,-0.2875337365243113,0.0,-0.2885652664079883,0.0,0.0,0.0,0.0,1.0,0.0,0.0,Normal
33268,9986,2024-04-25 23:40:00+00:00,2024-04-25 23:50:00+00:00,136.226.77.103,CA,HTTPS,200,443,10.138.69.97,Suspicious Web Traffic,Adversary Infrastructure Interaction,AWS_VPC_Flow,prod_webserver,2024-04-25 23:40:00+00:00,waf_rule,600.0,72.09,-0.2815395181364721,-0.2930273891991218,0.0,-0.2822397890338731,0.0,0.0,1.0,0.0,0.0,0.0,0.0,Normal
7424,14656,2024-04-25 23:40:00+00:00,2024-04-25 23:50:00+00:00,165.225.26.101,DE,HTTPS,200,443,10.138.69.97,Suspicious Web Traffic,Adversary Infrastructure Interaction,AWS_VPC_Flow,prod_webserver,2024-04-25 23:40:00+00:00,waf_rule,600.0,36.8,-0.2877790935084371,-0.2746759171022942,0.0,-0.2870565788605118,0.0,0.0,0.0,1.0,0.0,0.0,0.0,Normal
4758826,289956,2024-04-25 23:40:00+00:00,2024-04-25 23:50:00+00:00,155.91.45.242,US,HTTPS,200,443,10.138.69.97,Suspicious Web Traffic,Adversary Infrastructure Interaction,AWS_VPC_Flow,prod_webserver,2024-04-25 23:40:00+00:00,waf_rule,600.0,8414.636666666667,0.8593626377059914,0.8071571167856361,0.0,0.856448052061586,0.0,0.0,0.0,0.0,0.0,0.0,1.0,Normal
17736,36370,2024-04-25 23:40:00+00:00,2024-04-25 23:50:00+00:00,165.225.209.4,CA,HTTPS,200,443,10.138.69.97,Suspicious Web Traffic,Adversary Infrastructure Interaction,AWS_VPC_Flow,prod_webserver,2024-04-25 23:40:00+00:00,waf_rule,600.0,90.17666666666666,-0.2852894440255512,-0.1893474663291648,0.0,-0.2797711103147514,0.0,0.0,1.0,0.0,0.0,0.0,0.0,Normal
60686,35910,2024-04-25 23:50:00+00:00,2024-04-26 00:00:00+00:00,165.225.33.6,US,HTTPS,200,443,10.138.69.97,Suspicious Web Traffic,Adversary Infrastructure Interaction,AWS_VPC_Flow,prod_webserver,2024-04-25 23:50:00+00:00,waf_rule,600.0,160.99333333333334,-0.2749199283845552,-0.1911551059789594,0.0,-0.2701052276410062,0.0,0.0,0.0,0.0,0.0,0.0,1.0,Normal
21698,21218,2024-04-25 23:50:00+00:00,2024-04-26 00:00:00+00:00,136.226.67.101,US,HTTPS,200,443,10.138.69.97,Suspicious Web Traffic,Adversary Infrastructure Interaction,AWS_VPC_Flow,prod_webserver,2024-04-25 23:50:00+00:00,waf_rule,600.0,71.52666666666667,-0.2843328894046053,-0.2488895445328332,0.0,-0.2823166793220286,0.0,0.0,0.0,0.0,0.0,0.0,1.0,Normal
28296,7230,2024-04-25 23:50:00+00:00,2024-04-26 00:00:00+00:00,165.225.213.7,CA,HTTPS,200,443,10.138.69.97,Suspicious Web Traffic,Adversary Infrastructure Interaction,AWS_VPC_Flow,prod_webserver,2024-04-25 23:50:00+00:00,waf_rule,600.0,59.21,-0.282739919341758,-0.3038575084922389,0.0,-0.2839978013027058,0.0,0.0,1.0,0.0,0.0,0.0,0.0,Normal
4721,8322,2024-04-25 23:50:00+00:00,2024-04-26 00:00:00+00:00,165.225.240.79,NL,HTTPS,200,443,10.138.69.97,Suspicious Web Traffic,Adversary Infrastructure Interaction,AWS_VPC_Flow,prod_webserver,2024-04-25 23:50:00+00:00,waf_rule,600.0,21.738333333333333,-0.288431684911874,-0.299566329149683,0.0,-0.2891123703814022,0.0,0.0,0.0,0.0,0.0,1.0,0.0,Normal
9968,6646,2024-04-25 23:50:00+00:00,2024-04-26 00:00:00+00:00,165.225.26.101,DE,HTTPS,200,443,10.138.69.97,Suspicious Web Traffic,Adversary Infrastructure Interaction,AWS_VPC_Flow,prod_webserver,2024-04-25 23:50:00+00:00,waf_rule,600.0,27.69,-0.2871648898346142,-0.3061524249171954,0.0,-0.2883000176624579,0.0,0.0,0.0,1.0,0.0,0.0,0.0,Normal
4791678,291275,2024-04-25 23:50:00+00:00,2024-04-26 00:00:00+00:00,155.91.45.242,US,HTTPS,200,443,10.138.69.97,Suspicious Web Traffic,Adversary Infrastructure Interaction,AWS_VPC_Flow,prod_webserver,2024-04-25 23:50:00+00:00,waf_rule,600.0,8471.588333333333,0.8672941703681101,0.8123403269988514,0.0,0.8642214782052561,0.0,0.0,0.0,0.0,0.0,0.0,1.0,Normal
10768,7248,2024-04-25 23:50:00+00:00,2024-04-26 00:00:00+00:00,165.225.209.4,CA,HTTPS,200,443,10.138.69.97,Suspicious Web Traffic,Adversary Infrastructure Interaction,AWS_VPC_Flow,prod_webserver,2024-04-25 23:50:00+00:00,waf_rule,600.0,30.026666666666667,-0.286971744025236,-0.3037867747668121,0.0,-0.2879810822068545,0.0,0.0,1.0,0.0,0.0,0.0,0.0,Normal
3996,11776,2024-04-25 23:50:00+00:00,2024-04-26 00:00:00+00:00,147.161.131.1,AT,HTTPS,200,443,10.138.69.97,Suspicious Web Traffic,Adversary Infrastructure Interaction,AWS_VPC_Flow,prod_webserver,2024-04-25 23:50:00+00:00,waf_rule,600.0,26.286666666666665,-0.288606723301623,-0.2859933131705733,0.0,-0.2884915609246677,0.0,1.0,0.0,0.0,0.0,0.0,0.0,Normal
4220,11570,2024-04-25 23:50:00+00:00,2024-04-26 00:00:00+00:00,136.226.80.97,US,HTTPS,200,443,10.138.69.97,Suspicious Web Traffic,Adversary Infrastructure Interaction,AWS_VPC_Flow,prod_webserver,2024-04-25 23:50:00+00:00,waf_rule,600.0,26.316666666666663,-0.2885526424749972,-0.2868028213615683,0.0,-0.2884874661755943,0.0,0.0,0.0,0.0,0.0,0.0,1.0,Normal
26354,13404,2024-04-26 00:00:00+00:00,2024-04-26 00:10:00+00:00,147.161.161.82,AE,HTTPS,200,443,10.138.69.97,Suspicious Web Traffic,Adversary Infrastructure Interaction,AWS_VPC_Flow,prod_webserver,2024-04-26 00:00:00+00:00,waf_rule,600.0,66.26333333333334,-0.2832087807940238,-0.2795958406708655,0.0,-0.283035080298345,1.0,0.0,0.0,0.0,0.0,0.0,0.0,Normal
33777,20132,2024-04-26 00:00:00+00:00,2024-04-26 00:10:00+00:00,165.225.33.6,US,HTTPS,200,443,10.138.69.97,Suspicious Web Traffic,Adversary Infrastructure Interaction,AWS_VPC_Flow,prod_webserver,2024-04-26 00:00:00+00:00,waf_rule,600.0,89.84833333333333,-0.2814166291152551,-0.2531571459669135,0.0,-0.2798159250684988,0.0,0.0,0.0,0.0,0.0,0.0,1.0,Normal
28762,43272,2024-04-26 00:00:00+00:00,2024-04-26 00:10:00+00:00,136.226.67.101,US,HTTPS,200,443,10.138.69.97,Suspicious Web Traffic,Adversary Infrastructure Interaction,AWS_VPC_Flow,prod_webserver,2024-04-26 00:00:00+00:00,waf_rule,600.0,120.05666666666669,-0.2826274119077952,-0.1622250122794209,0.0,-0.2756927402376767,0.0,0.0,0.0,0.0,0.0,0.0,1.0,Normal
28478,13260,2024-04-26 00:00:00+00:00,2024-04-26 00:10:00+00:00,165.225.212.255,CA,HTTPS,200,443,10.138.69.97,Suspicious Web Traffic,Adversary Infrastructure Interaction,AWS_VPC_Flow,prod_webserver,2024-04-26 00:00:00+00:00,waf_rule,600.0,69.56333333333333,-0.2826959786701244,-0.2801617104742795,0.0,-0.2825846579002745,0.0,0.0,1.0,0.0,0.0,0.0,0.0,Normal
4288,11490,2024-04-26 00:00:00+00:00,2024-04-26 00:10:00+00:00,94.188.248.74,IL,HTTPS,200,443,10.138.69.97,Suspicious Web Traffic,Adversary Infrastructure Interaction,AWS_VPC_Flow,prod_webserver,2024-04-26 00:00:00+00:00,waf_rule,600.0,26.296666666666667,-0.2885362250812,-0.287117193474576,0.0,-0.2884901960083099,0.0,0.0,0.0,0.0,1.0,0.0,0.0,Normal
8874,14968,2024-04-26 00:00:00+00:00,2024-04-26 00:10:00+00:00,165.225.26.101,DE,HTTPS,200,443,10.138.69.97,Suspicious Web Traffic,Adversary Infrastructure Interaction,AWS_VPC_Flow,prod_webserver,2024-04-26 00:00:00+00:00,waf_rule,600.0,39.736666666666665,-0.287429016728939,-0.273449865861564,0.0,-0.286655748423441,0.0,0.0,0.0,1.0,0.0,0.0,0.0,Normal
4793434,292176,2024-04-26 00:00:00+00:00,2024-04-26 00:10:00+00:00,155.91.45.242,US,HTTPS,200,443,10.138.69.97,Suspicious Web Traffic,Adversary Infrastructure Interaction,AWS_VPC_Flow,prod_webserver,2024-04-26 00:00:00+00:00,waf_rule,600.0,8476.016666666666,0.8677181254196954,0.8158809429216012,0.0,0.8648259086656972,0.0,0.0,0.0,0.0,0.0,0.0,1.0,Normal
16948,20348,2024-04-26 00:00:00+00:00,2024-04-26 00:10:00+00:00,165.225.209.4,CA,HTTPS,200,443,10.138.69.97,Suspicious Web Traffic,Adversary Infrastructure Interaction,AWS_VPC_Flow,prod_webserver,2024-04-26 00:00:00+00:00,waf_rule,600.0,62.16,-0.2854796926477888,-0.2523083412617926,0.0,-0.283595150977158,0.0,0.0,1.0,0.0,0.0,0.0,0.0,Normal
5810,13090,2024-04-26 00:10:00+00:00,2024-04-26 00:20:00+00:00,147.161.161.82,AE,HTTPS,200,443,10.138.69.97,Suspicious Web Traffic,Adversary Infrastructure Interaction,AWS_VPC_Flow,prod_webserver,2024-04-26 00:10:00+00:00,waf_rule,600.0,31.5,-0.2881687651788578,-0.280829751214421,0.0,-0.2877799845301402,1.0,0.0,0.0,0.0,0.0,0.0,0.0,Normal
28730,28386,2024-04-26 00:10:00+00:00,2024-04-26 00:20:00+00:00,136.226.67.101,US,HTTPS,200,443,10.138.69.97,Suspicious Web Traffic,Adversary Infrastructure Interaction,AWS_VPC_Flow,prod_webserver,2024-04-26 00:10:00+00:00,waf_rule,600.0,95.19333333333331,-0.2826351377401703,-0.2207218032073385,0.0,-0.2790863772752603,0.0,0.0,0.0,0.0,0.0,0.0,1.0,Normal
29002,15654,2024-04-26 00:10:00+00:00,2024-04-26 00:20:00+00:00,165.225.213.7,CA,HTTPS,200,443,10.138.69.97,Suspicious Web Traffic,Adversary Infrastructure Interaction,AWS_VPC_Flow,prod_webserver,2024-04-26 00:10:00+00:00,waf_rule,600.0,74.42666666666666,-0.2825694681649817,-0.2707541249925225,0.0,-0.2819208535782696,0.0,0.0,1.0,0.0,0.0,0.0,0.0,Normal
44270,21924,2024-04-26 00:10:00+00:00,2024-04-26 00:20:00+00:00,136.226.64.114,US,HTTPS,200,443,10.138.69.97,Suspicious Web Traffic,Adversary Infrastructure Interaction,AWS_VPC_Flow,prod_webserver,2024-04-26 00:10:00+00:00,waf_rule,600.0,110.32333333333334,-0.2788832803929973,-0.2461152106355398,0.0,-0.277021258825925,0.0,0.0,0.0,0.0,0.0,0.0,1.0,Normal
2019990,55292,2024-04-26 00:10:00+00:00,2024-04-26 00:20:00+00:00,165.225.240.79,NL,HTTPS,200,443,10.138.69.97,Suspicious Web Traffic,Adversary Infrastructure Interaction,AWS_VPC_Flow,prod_webserver,2024-04-26 00:10:00+00:00,waf_rule,600.0,3458.8033333333333,0.1981192677380533,-0.114990602300006,0.0,0.1800182537471329,0.0,0.0,0.0,0.0,0.0,1.0,0.0,Normal
3498,2800,2024-04-26 00:10:00+00:00,2024-04-26 00:20:00+00:00,94.188.248.74,IL,HTTPS,200,443,10.138.69.97,Suspicious Web Traffic,Adversary Infrastructure Interaction,AWS_VPC_Flow,prod_webserver,2024-04-26 00:10:00+00:00,waf_rule,600.0,10.496666666666666,-0.288726956567961,-0.3212658642500432,0.0,-0.2906467638536171,0.0,0.0,0.0,0.0,1.0,0.0,0.0,Normal
16698,26610,2024-04-26 00:10:00+00:00,2024-04-26 00:20:00+00:00,165.225.26.101,DE,HTTPS,200,443,10.138.69.97,Suspicious Web Traffic,Adversary Infrastructure Interaction,AWS_VPC_Flow,prod_webserver,2024-04-26 00:10:00+00:00,waf_rule,600.0,72.18,-0.2855400507132195,-0.2277008641161107,0.0,-0.282227504786653,0.0,0.0,0.0,1.0,0.0,0.0,0.0,Normal
4794053,290955,2024-04-26 00:10:00+00:00,2024-04-26 00:20:00+00:00,155.91.45.242,US,HTTPS,200,443,10.138.69.97,Suspicious Web Traffic,Adversary Infrastructure Interaction,AWS_VPC_Flow,prod_webserver,2024-04-26 00:10:00+00:00,waf_rule,600.0,8475.013333333334,0.8678675719897019,0.8110828385468204,0.0,0.8646889620577991,0.0,0.0,0.0,0.0,0.0,0.0,1.0,Normal
6606,12794,2024-04-26 00:10:00+00:00,2024-04-26 00:20:00+00:00,165.225.209.4,CA,HTTPS,200,443,10.138.69.97,Suspicious Web Traffic,Adversary Infrastructure Interaction,AWS_VPC_Flow,prod_webserver,2024-04-26 00:10:00+00:00,waf_rule,600.0,32.333333333333336,-0.2879765850985264,-0.2819929280325496,0.0,-0.2876662415003244,0.0,0.0,1.0,0.0,0.0,0.0,0.0,Normal
9910,14760,2024-04-26 00:10:00+00:00,2024-04-26 00:20:00+00:00,147.161.131.1,AT,HTTPS,200,443,10.138.69.97,Suspicious Web Traffic,Adversary Infrastructure Interaction,AWS_VPC_Flow,prod_webserver,2024-04-26 00:10:00+00:00,waf_rule,600.0,41.11666666666667,-0.2871788929057942,-0.2742672333553841,0.0,-0.2864673899660661,0.0,1.0,0.0,0.0,0.0,0.0,0.0,Normal
26250,13404,2024-04-26 00:20:00+00:00,2024-04-26 00:30:00+00:00,147.161.161.82,AE,HTTPS,200,443,10.138.69.97,Suspicious Web Traffic,Adversary Infrastructure Interaction,AWS_VPC_Flow,prod_webserver,2024-04-26 00:20:00+00:00,waf_rule,600.0,66.09,-0.2832338897492429,-0.2795958406708655,0.0,-0.2830587388485467,1.0,0.0,0.0,0.0,0.0,0.0,0.0,Normal
21448,32494,2024-04-26 00:20:00+00:00,2024-04-26 00:30:00+00:00,136.226.67.101,US,HTTPS,200,443,10.138.69.97,Suspicious Web Traffic,Adversary Infrastructure Interaction,AWS_VPC_Flow,prod_webserver,2024-04-26 00:20:00+00:00,waf_rule,600.0,89.90333333333334,-0.2843932474700361,-0.2045787952043904,0.0,-0.2798084180285309,0.0,0.0,0.0,0.0,0.0,0.0,1.0,Normal
28524,13364,2024-04-26 00:20:00+00:00,2024-04-26 00:30:00+00:00,165.225.212.255,CA,HTTPS,200,443,10.138.69.97,Suspicious Web Traffic,Adversary Infrastructure Interaction,AWS_VPC_Flow,prod_webserver,2024-04-26 00:20:00+00:00,waf_rule,600.0,69.81333333333333,-0.2826848727860852,-0.2797530267273694,0.0,-0.2825505349913298,0.0,0.0,1.0,0.0,0.0,0.0,0.0,Normal
9600,22230,2024-04-26 00:20:00+00:00,2024-04-26 00:30:00+00:00,165.225.240.79,NL,HTTPS,200,443,10.138.69.97,Suspicious Web Traffic,Adversary Infrastructure Interaction,AWS_VPC_Flow,prod_webserver,2024-04-26 00:20:00+00:00,waf_rule,600.0,53.05,-0.2872537369069283,-0.2449127373032852,0.0,-0.284838589779104,0.0,0.0,0.0,0.0,0.0,1.0,0.0,Normal
7786,14138,2024-04-26 00:20:00+00:00,2024-04-26 00:30:00+00:00,94.188.248.74,IL,HTTPS,200,443,10.138.69.97,Suspicious Web Traffic,Adversary Infrastructure Interaction,AWS_VPC_Flow,prod_webserver,2024-04-26 00:20:00+00:00,waf_rule,600.0,36.54,-0.2876916950296935,-0.2767114765340194,0.0,-0.2870920666858143,0.0,0.0,0.0,0.0,1.0,0.0,0.0,Normal
33662,9572,2024-04-26 00:20:00+00:00,2024-04-26 00:30:00+00:00,136.226.77.103,CA,HTTPS,200,443,10.138.69.97,Suspicious Web Traffic,Adversary Infrastructure Interaction,AWS_VPC_Flow,prod_webserver,2024-04-26 00:20:00+00:00,waf_rule,600.0,72.05666666666667,-0.2814443938253533,-0.2946542648839369,0.0,-0.2822443387550657,0.0,0.0,1.0,0.0,0.0,0.0,0.0,Normal
6480,11794,2024-04-26 00:20:00+00:00,2024-04-26 00:30:00+00:00,165.225.26.101,DE,HTTPS,200,443,10.138.69.97,Suspicious Web Traffic,Adversary Infrastructure Interaction,AWS_VPC_Flow,prod_webserver,2024-04-26 00:20:00+00:00,waf_rule,600.0,30.456666666666667,-0.2880070055635035,-0.2859225794451466,0.0,-0.2879223908034696,0.0,0.0,0.0,1.0,0.0,0.0,0.0,Normal
16698,19255,2024-04-26 00:20:00+00:00,2024-04-26 00:30:00+00:00,165.225.209.4,CA,HTTPS,200,443,10.138.69.97,Suspicious Web Traffic,Adversary Infrastructure Interaction,AWS_VPC_Flow,prod_webserver,2024-04-26 00:20:00+00:00,waf_rule,600.0,59.92166666666667,-0.2855400507132195,-0.256603450255761,0.0,-0.2839006647552431,0.0,0.0,1.0,0.0,0.0,0.0,0.0,Normal
4018,3144,2024-04-26 00:30:00+00:00,2024-04-26 00:40:00+00:00,147.161.161.82,AE,HTTPS,200,443,10.138.69.97,Suspicious Web Traffic,Adversary Infrastructure Interaction,AWS_VPC_Flow,prod_webserver,2024-04-26 00:30:00+00:00,waf_rule,600.0,11.936666666666667,-0.2886014117918651,-0.3199140641641099,0.0,-0.2904502158980955,1.0,0.0,0.0,0.0,0.0,0.0,0.0,Normal
38560,34470,2024-04-26 00:30:00+00:00,2024-04-26 00:40:00+00:00,136.226.67.101,US,HTTPS,200,443,10.138.69.97,Suspicious Web Traffic,Adversary Infrastructure Interaction,AWS_VPC_Flow,prod_webserver,2024-04-26 00:30:00+00:00,waf_rule,600.0,121.71666666666668,-0.2802618586074348,-0.1968138040130989,0.0,-0.2754661641222837,0.0,0.0,0.0,0.0,0.0,0.0,1.0,Normal
57088,12210,2024-04-26 00:30:00+00:00,2024-04-26 00:40:00+00:00,165.225.212.255,CA,HTTPS,200,443,10.138.69.97,Suspicious Web Traffic,Adversary Infrastructure Interaction,AWS_VPC_Flow,prod_webserver,2024-04-26 00:30:00+00:00,waf_rule,600.0,115.49666666666668,-0.275788601662234,-0.2842878444575062,0.0,-0.2763151420968286,0.0,0.0,1.0,0.0,0.0,0.0,0.0,Normal
1215594,64362,2024-04-26 00:30:00+00:00,2024-04-26 00:40:00+00:00,165.225.240.79,NL,HTTPS,200,443,10.138.69.97,Suspicious Web Traffic,Adversary Infrastructure Interaction,AWS_VPC_Flow,prod_webserver,2024-04-26 00:30:00+00:00,waf_rule,600.0,2133.26,0.0039121221372472,-0.079348663987752,0.0,-0.0009073241153996,0.0,0.0,0.0,0.0,0.0,1.0,0.0,Suspicious
3514,2648,2024-04-26 00:30:00+00:00,2024-04-26 00:40:00+00:00,94.188.248.74,IL,HTTPS,200,443,10.138.69.97,Suspicious Web Traffic,Adversary Infrastructure Interaction,AWS_VPC_Flow,prod_webserver,2024-04-26 00:30:00+00:00,waf_rule,600.0,10.27,-0.2887230936517734,-0.3218631712647579,0.0,-0.290677701957727,0.0,0.0,0.0,0.0,1.0,0.0,0.0,Normal
13338,17636,2024-04-26 00:30:00+00:00,2024-04-26 00:40:00+00:00,165.225.26.101,DE,HTTPS,200,443,10.138.69.97,Suspicious Web Traffic,Adversary Infrastructure Interaction,AWS_VPC_Flow,prod_webserver,2024-04-26 00:30:00+00:00,waf_rule,600.0,51.623333333333335,-0.2863512631126083,-0.2629655558927554,0.0,-0.2850333178461486,0.0,0.0,0.0,1.0,0.0,0.0,0.0,Normal
4803684,294875,2024-04-26 00:30:00+00:00,2024-04-26 00:40:00+00:00,155.91.45.242,US,HTTPS,200,443,10.138.69.97,Suspicious Web Traffic,Adversary Infrastructure Interaction,AWS_VPC_Flow,prod_webserver,2024-04-26 00:30:00+00:00,waf_rule,600.0,8497.598333333333,0.8701928061023545,0.8264870720842002,0.0,0.8677716256518663,0.0,0.0,0.0,0.0,0.0,0.0,1.0,Normal
13132,18249,2024-04-26 00:30:00+00:00,2024-04-26 00:40:00+00:00,165.225.209.4,CA,HTTPS,200,443,10.138.69.97,Suspicious Web Traffic,Adversary Infrastructure Interaction,AWS_VPC_Flow,prod_webserver,2024-04-26 00:30:00+00:00,waf_rule,600.0,52.30166666666667,-0.2864009981585232,-0.2605566795768335,0.0,-0.2849407310198786,0.0,0.0,1.0,0.0,0.0,0.0,0.0,Normal
5238,11674,2024-04-26 00:30:00+00:00,2024-04-26 00:40:00+00:00,147.161.131.1,AT,HTTPS,200,443,10.138.69.97,Suspicious Web Traffic,Adversary Infrastructure Interaction,AWS_VPC_Flow,prod_webserver,2024-04-26 00:30:00+00:00,waf_rule,600.0,28.186666666666667,-0.2883068644325633,-0.2863941376146582,0.0,-0.2882322268166877,0.0,1.0,0.0,0.0,0.0,0.0,0.0,Normal
9052,5162,2024-04-26 00:40:00+00:00,2024-04-26 00:50:00+00:00,165.225.33.6,US,HTTPS,200,443,10.138.69.97,Suspicious Web Traffic,Adversary Infrastructure Interaction,AWS_VPC_Flow,prod_webserver,2024-04-26 00:40:00+00:00,waf_rule,600.0,23.69,-0.2873860417863524,-0.3119840276134893,0.0,-0.2888459842055736,0.0,0.0,0.0,0.0,0.0,0.0,1.0,Normal
31076,39744,2024-04-26 00:40:00+00:00,2024-04-26 00:50:00+00:00,136.226.67.101,US,HTTPS,200,443,10.138.69.97,Suspicious Web Traffic,Adversary Infrastructure Interaction,AWS_VPC_Flow,prod_webserver,2024-04-26 00:40:00+00:00,waf_rule,600.0,118.03333333333332,-0.2820687376541685,-0.1760888224630628,0.0,-0.2759689083140694,0.0,0.0,0.0,0.0,0.0,0.0,1.0,Normal
28518,13366,2024-04-26 00:40:00+00:00,2024-04-26 00:50:00+00:00,165.225.212.255,CA,HTTPS,200,443,10.138.69.97,Suspicious Web Traffic,Adversary Infrastructure Interaction,AWS_VPC_Flow,prod_webserver,2024-04-26 00:40:00+00:00,waf_rule,600.0,69.80666666666667,-0.2826863213796555,-0.2797451674245442,0.0,-0.2825514449355683,0.0,0.0,1.0,0.0,0.0,0.0,0.0,Normal
43660,12924,2024-04-26 00:40:00+00:00,2024-04-26 00:50:00+00:00,136.226.64.114,US,HTTPS,200,443,10.138.69.97,Suspicious Web Traffic,Adversary Infrastructure Interaction,AWS_VPC_Flow,prod_webserver,2024-04-26 00:40:00+00:00,waf_rule,600.0,94.30666666666669,-0.2790305540726483,-0.281482073348912,0.0,-0.2792073998589843,0.0,0.0,0.0,0.0,0.0,0.0,1.0,Normal
26820,45260,2024-04-26 00:40:00+00:00,2024-04-26 00:50:00+00:00,165.225.240.79,NL,HTTPS,200,443,10.138.69.97,Suspicious Web Traffic,Adversary Infrastructure Interaction,AWS_VPC_Flow,prod_webserver,2024-04-26 00:40:00+00:00,waf_rule,600.0,120.13333333333334,-0.2830962733600609,-0.1544128652711782,0.0,-0.2756822758789336,0.0,0.0,0.0,0.0,0.0,1.0,0.0,Normal
3206,11038,2024-04-26 00:40:00+00:00,2024-04-26 00:50:00+00:00,165.225.8.79,US,HTTPS,200,443,10.138.69.97,Suspicious Web Traffic,Adversary Infrastructure Interaction,AWS_VPC_Flow,prod_webserver,2024-04-26 00:40:00+00:00,waf_rule,600.0,23.74,-0.2887974547883841,-0.2888933959130698,0.0,-0.2888391596237847,0.0,0.0,0.0,0.0,0.0,0.0,1.0,Normal
35894,10094,2024-04-26 00:40:00+00:00,2024-04-26 00:50:00+00:00,136.226.77.103,CA,HTTPS,200,443,10.138.69.97,Suspicious Web Traffic,Adversary Infrastructure Interaction,AWS_VPC_Flow,prod_webserver,2024-04-26 00:40:00+00:00,waf_rule,600.0,76.64666666666666,-0.2809055170171879,-0.2926029868465613,0.0,-0.2816178421468404,0.0,0.0,1.0,0.0,0.0,0.0,0.0,Normal
9132,5756,2024-04-26 00:40:00+00:00,2024-04-26 00:50:00+00:00,165.225.26.101,DE,HTTPS,200,443,10.138.69.97,Suspicious Web Traffic,Adversary Infrastructure Interaction,AWS_VPC_Flow,prod_webserver,2024-04-26 00:40:00+00:00,waf_rule,600.0,24.813333333333333,-0.2873667272054145,-0.3096498146744067,0.0,-0.288692658601382,0.0,0.0,0.0,1.0,0.0,0.0,0.0,Normal
4801644,292969,2024-04-26 00:40:00+00:00,2024-04-26 00:50:00+00:00,155.91.45.242,US,HTTPS,200,443,10.138.69.97,Suspicious Web Traffic,Adversary Infrastructure Interaction,AWS_VPC_Flow,prod_webserver,2024-04-26 00:40:00+00:00,waf_rule,600.0,8491.021666666667,0.8697002842884399,0.8189971564917906,0.0,0.8668739656605603,0.0,0.0,0.0,0.0,0.0,0.0,1.0,Normal
22790,40397,2024-04-26 00:40:00+00:00,2024-04-26 00:50:00+00:00,165.225.209.4,CA,HTTPS,200,443,10.138.69.97,Suspicious Web Traffic,Adversary Infrastructure Interaction,AWS_VPC_Flow,prod_webserver,2024-04-26 00:40:00+00:00,waf_rule,600.0,105.31166666666668,-0.284069245374804,-0.173522760090637,0.0,-0.2777053094072371,0.0,0.0,1.0,0.0,0.0,0.0,0.0,Normal
29040,16476,2024-04-26 00:50:00+00:00,2024-04-26 01:00:00+00:00,165.225.33.6,US,HTTPS,200,443,10.138.69.97,Suspicious Web Traffic,Adversary Infrastructure Interaction,AWS_VPC_Flow,prod_webserver,2024-04-26 00:50:00+00:00,waf_rule,600.0,75.86,-0.2825602937390362,-0.2675239515313678,0.0,-0.2817252155669865,0.0,0.0,0.0,0.0,0.0,0.0,1.0,Normal
27938,4626,2024-04-26 00:50:00+00:00,2024-04-26 01:00:00+00:00,165.225.212.255,CA,HTTPS,200,443,10.138.69.97,Suspicious Web Traffic,Adversary Infrastructure Interaction,AWS_VPC_Flow,prod_webserver,2024-04-26 00:50:00+00:00,waf_rule,600.0,54.27333333333333,-0.2828263520914548,-0.3140903207706412,0.0,-0.2846716150113345,0.0,0.0,1.0,0.0,0.0,0.0,0.0,Normal
34660,10044,2024-04-26 00:50:00+00:00,2024-04-26 01:00:00+00:00,136.226.77.103,CA,HTTPS,200,443,10.138.69.97,Suspicious Web Traffic,Adversary Infrastructure Interaction,AWS_VPC_Flow,prod_webserver,2024-04-26 00:50:00+00:00,waf_rule,600.0,74.50666666666666,-0.2812034444281538,-0.2927994694171912,0.0,-0.2819099342474073,0.0,0.0,1.0,0.0,0.0,0.0,0.0,Normal
5238,11776,2024-04-26 00:50:00+00:00,2024-04-26 01:00:00+00:00,165.225.26.101,DE,HTTPS,200,443,10.138.69.97,Suspicious Web Traffic,Adversary Infrastructure Interaction,AWS_VPC_Flow,prod_webserver,2024-04-26 00:50:00+00:00,waf_rule,600.0,28.356666666666666,-0.2883068644325633,-0.2859933131705733,0.0,-0.2882090232386053,0.0,0.0,0.0,1.0,0.0,0.0,0.0,Normal
4809606,290761,2024-04-26 00:50:00+00:00,2024-04-26 01:00:00+00:00,155.91.45.242,US,HTTPS,200,443,10.138.69.97,Suspicious Web Traffic,Adversary Infrastructure Interaction,AWS_VPC_Flow,prod_webserver,2024-04-26 00:50:00+00:00,waf_rule,600.0,8500.611666666666,0.8716225679562772,0.8103204861727766,0.0,0.8681829204476801,0.0,0.0,0.0,0.0,0.0,0.0,1.0,Normal
6742,13419,2024-04-26 00:50:00+00:00,2024-04-26 01:00:00+00:00,165.225.209.4,CA,HTTPS,200,443,10.138.69.97,Suspicious Web Traffic,Adversary Infrastructure Interaction,AWS_VPC_Flow,prod_webserver,2024-04-26 00:50:00+00:00,waf_rule,600.0,33.60166666666667,-0.2879437503109321,-0.2795368958996766,0.0,-0.2874931246089448,0.0,0.0,1.0,0.0,0.0,0.0,0.0,Normal
4138,3144,2024-04-26 01:00:00+00:00,2024-04-26 01:10:00+00:00,147.161.161.82,AE,HTTPS,200,443,10.138.69.97,Suspicious Web Traffic,Adversary Infrastructure Interaction,AWS_VPC_Flow,prod_webserver,2024-04-26 01:00:00+00:00,waf_rule,600.0,12.136666666666668,-0.2885724399204584,-0.3199140641641099,0.0,-0.2904229175709397,1.0,0.0,0.0,0.0,0.0,0.0,0.0,Normal
10262,16182,2024-04-26 01:00:00+00:00,2024-04-26 01:10:00+00:00,136.226.67.101,US,HTTPS,200,443,10.138.69.97,Suspicious Web Traffic,Adversary Infrastructure Interaction,AWS_VPC_Flow,prod_webserver,2024-04-26 01:00:00+00:00,waf_rule,600.0,44.07333333333333,-0.2870939087496677,-0.2686792690466713,0.0,-0.2860638296962797,0.0,0.0,0.0,0.0,0.0,0.0,1.0,Normal
28048,4730,2024-04-26 01:00:00+00:00,2024-04-26 01:10:00+00:00,165.225.212.255,CA,HTTPS,200,443,10.138.69.97,Suspicious Web Traffic,Adversary Infrastructure Interaction,AWS_VPC_Flow,prod_webserver,2024-04-26 01:00:00+00:00,waf_rule,600.0,54.63,-0.2827997945426653,-0.3136816370237312,0.0,-0.2846229329945733,0.0,0.0,1.0,0.0,0.0,0.0,0.0,Normal
4064,11386,2024-04-26 01:00:00+00:00,2024-04-26 01:10:00+00:00,94.188.248.74,IL,HTTPS,200,443,10.138.69.97,Suspicious Web Traffic,Adversary Infrastructure Interaction,AWS_VPC_Flow,prod_webserver,2024-04-26 01:00:00+00:00,waf_rule,600.0,25.75,-0.2885903059078259,-0.2875258772214861,0.0,-0.2885648114358691,0.0,0.0,0.0,0.0,1.0,0.0,0.0,Normal
47774,23406,2024-04-26 01:00:00+00:00,2024-04-26 01:10:00+00:00,136.226.77.103,CA,HTTPS,200,443,10.138.69.97,Suspicious Web Traffic,Adversary Infrastructure Interaction,AWS_VPC_Flow,prod_webserver,2024-04-26 01:00:00+00:00,waf_rule,600.0,118.63333333333334,-0.2780373017479206,-0.2402914672420712,0.0,-0.275887013332602,0.0,0.0,1.0,0.0,0.0,0.0,0.0,Normal
3326,11038,2024-04-26 01:00:00+00:00,2024-04-26 01:10:00+00:00,165.225.8.79,US,HTTPS,200,443,10.138.69.97,Suspicious Web Traffic,Adversary Infrastructure Interaction,AWS_VPC_Flow,prod_webserver,2024-04-26 01:00:00+00:00,waf_rule,600.0,23.94,-0.2887684829169774,-0.2888933959130698,0.0,-0.2888118612966289,0.0,0.0,0.0,0.0,0.0,0.0,1.0,Normal
9336,23450,2024-04-26 01:00:00+00:00,2024-04-26 01:10:00+00:00,165.225.26.101,DE,HTTPS,200,443,10.138.69.97,Suspicious Web Traffic,Adversary Infrastructure Interaction,AWS_VPC_Flow,prod_webserver,2024-04-26 01:00:00+00:00,waf_rule,600.0,54.64333333333333,-0.2873174750240231,-0.2401185625799169,0.0,-0.2846211131060963,0.0,0.0,0.0,1.0,0.0,0.0,0.0,Normal
4827283,306181,2024-04-26 01:00:00+00:00,2024-04-26 01:10:00+00:00,155.91.45.242,US,HTTPS,200,443,10.138.69.97,Suspicious Web Traffic,Adversary Infrastructure Interaction,AWS_VPC_Flow,prod_webserver,2024-04-26 01:00:00+00:00,waf_rule,600.0,8555.773333333333,0.8758903660467519,0.870915710955021,0.0,0.8757120265633059,0.0,0.0,0.0,0.0,0.0,0.0,1.0,Suspicious
10830,23370,2024-04-26 01:00:00+00:00,2024-04-26 01:10:00+00:00,165.225.209.4,CA,HTTPS,200,443,10.138.69.97,Suspicious Web Traffic,Adversary Infrastructure Interaction,AWS_VPC_Flow,prod_webserver,2024-04-26 01:00:00+00:00,waf_rule,600.0,57.0,-0.2869567752250092,-0.2404329346929247,0.0,-0.2842994478177773,0.0,0.0,1.0,0.0,0.0,0.0,0.0,Normal
9806,14344,2024-04-26 01:00:00+00:00,2024-04-26 01:10:00+00:00,147.161.131.1,AT,HTTPS,200,443,10.138.69.97,Suspicious Web Traffic,Adversary Infrastructure Interaction,AWS_VPC_Flow,prod_webserver,2024-04-26 01:00:00+00:00,waf_rule,600.0,40.25,-0.2872040018610133,-0.2759019683430244,0.0,-0.2865856827170744,0.0,1.0,0.0,0.0,0.0,0.0,0.0,Normal
16062,27514,2024-04-26 01:10:00+00:00,2024-04-26 01:20:00+00:00,136.226.67.101,US,HTTPS,200,443,10.138.69.97,Suspicious Web Traffic,Adversary Infrastructure Interaction,AWS_VPC_Flow,prod_webserver,2024-04-26 01:10:00+00:00,waf_rule,600.0,72.62666666666667,-0.2856936016316753,-0.2241484592391231,0.0,-0.2821665385226717,0.0,0.0,0.0,0.0,0.0,0.0,1.0,Normal
29010,15550,2024-04-26 01:10:00+00:00,2024-04-26 01:20:00+00:00,165.225.213.7,CA,HTTPS,200,443,10.138.69.97,Suspicious Web Traffic,Adversary Infrastructure Interaction,AWS_VPC_Flow,prod_webserver,2024-04-26 01:10:00+00:00,waf_rule,600.0,74.26666666666667,-0.2825675367068879,-0.2711628087394326,0.0,-0.2819426922399942,0.0,0.0,1.0,0.0,0.0,0.0,0.0,Normal
3722,2694,2024-04-26 01:10:00+00:00,2024-04-26 01:20:00+00:00,94.188.248.74,IL,HTTPS,200,443,10.138.69.97,Suspicious Web Traffic,Adversary Infrastructure Interaction,AWS_VPC_Flow,prod_webserver,2024-04-26 01:10:00+00:00,waf_rule,600.0,10.693333333333332,-0.2886728757413351,-0.3216824072997785,0.0,-0.2906199204985806,0.0,0.0,0.0,0.0,1.0,0.0,0.0,Normal
7182,12958,2024-04-26 01:10:00+00:00,2024-04-26 01:20:00+00:00,136.226.77.103,CA,HTTPS,200,443,10.138.69.97,Suspicious Web Traffic,Adversary Infrastructure Interaction,AWS_VPC_Flow,prod_webserver,2024-04-26 01:10:00+00:00,waf_rule,600.0,33.56666666666667,-0.2878375201157741,-0.2813484652008838,0.0,-0.287497901816197,0.0,0.0,1.0,0.0,0.0,0.0,0.0,Normal
3102,11142,2024-04-26 01:10:00+00:00,2024-04-26 01:20:00+00:00,165.225.8.79,US,HTTPS,200,443,10.138.69.97,Suspicious Web Traffic,Adversary Infrastructure Interaction,AWS_VPC_Flow,prod_webserver,2024-04-26 01:10:00+00:00,waf_rule,600.0,23.74,-0.2888225637436032,-0.2884847121661598,0.0,-0.2888391596237847,0.0,0.0,0.0,0.0,0.0,0.0,1.0,Normal
10012,14968,2024-04-26 01:10:00+00:00,2024-04-26 01:20:00+00:00,165.225.26.101,DE,HTTPS,200,443,10.138.69.97,Suspicious Web Traffic,Adversary Infrastructure Interaction,AWS_VPC_Flow,prod_webserver,2024-04-26 01:10:00+00:00,waf_rule,600.0,41.63333333333333,-0.2871542668150985,-0.273449865861564,0.0,-0.2863968692875803,0.0,0.0,0.0,1.0,0.0,0.0,0.0,Normal
4776536,289969,2024-04-26 01:10:00+00:00,2024-04-26 01:20:00+00:00,155.91.45.242,US,HTTPS,200,443,10.138.69.97,Suspicious Web Traffic,Adversary Infrastructure Interaction,AWS_VPC_Flow,prod_webserver,2024-04-26 01:10:00+00:00,waf_rule,600.0,8444.175,0.8636384030611028,0.8072082022539998,0.0,0.860479787496436,0.0,0.0,0.0,0.0,0.0,0.0,1.0,Normal
528,858,2024-04-26 01:10:00+00:00,2024-04-26 01:20:00+00:00,165.225.209.4,CA,HTTPS,200,443,10.138.69.97,Suspicious Web Traffic,Adversary Infrastructure Interaction,AWS_VPC_Flow,prod_webserver,2024-04-26 01:10:00+00:00,waf_rule,600.0,2.31,-0.2894440103852779,-0.3288972472933064,0.0,-0.2917641753785274,0.0,0.0,1.0,0.0,0.0,0.0,0.0,Normal
6376,11690,2024-04-26 01:10:00+00:00,2024-04-26 01:20:00+00:00,147.161.131.1,AT,HTTPS,200,443,10.138.69.97,Suspicious Web Traffic,Adversary Infrastructure Interaction,AWS_VPC_Flow,prod_webserver,2024-04-26 01:10:00+00:00,waf_rule,600.0,30.11,-0.2880321145187227,-0.2863312631920566,0.0,-0.2879697079038729,0.0,1.0,0.0,0.0,0.0,0.0,0.0,Normal
9620,16178,2024-04-26 01:20:00+00:00,2024-04-26 01:30:00+00:00,147.161.161.82,AE,HTTPS,200,443,10.138.69.97,Suspicious Web Traffic,Adversary Infrastructure Interaction,AWS_VPC_Flow,prod_webserver,2024-04-26 01:20:00+00:00,waf_rule,600.0,42.99666666666667,-0.2872489082616938,-0.2686949876523217,0.0,-0.2862107856908016,1.0,0.0,0.0,0.0,0.0,0.0,0.0,Normal
24442,25574,2024-04-26 01:20:00+00:00,2024-04-26 01:30:00+00:00,136.226.67.101,US,HTTPS,200,443,10.138.69.97,Suspicious Web Traffic,Adversary Infrastructure Interaction,AWS_VPC_Flow,prod_webserver,2024-04-26 01:20:00+00:00,waf_rule,600.0,83.36,-0.2836703992784378,-0.2317719829795611,0.0,-0.2807015282986445,0.0,0.0,0.0,0.0,0.0,0.0,1.0,Normal
29586,15754,2024-04-26 01:20:00+00:00,2024-04-26 01:30:00+00:00,165.225.212.255,CA,HTTPS,200,443,10.138.69.97,Suspicious Web Traffic,Adversary Infrastructure Interaction,AWS_VPC_Flow,prod_webserver,2024-04-26 01:20:00+00:00,waf_rule,600.0,75.56666666666666,-0.2824284717241356,-0.2703611598512628,0.0,-0.2817652531134816,0.0,0.0,1.0,0.0,0.0,0.0,0.0,Normal
30178,14280,2024-04-26 01:20:00+00:00,2024-04-26 01:30:00+00:00,136.226.64.114,US,HTTPS,200,443,10.138.69.97,Suspicious Web Traffic,Adversary Infrastructure Interaction,AWS_VPC_Flow,prod_webserver,2024-04-26 01:20:00+00:00,waf_rule,600.0,74.09666666666666,-0.2822855438251956,-0.2761534660334306,0.0,-0.2819658958180767,0.0,0.0,0.0,0.0,0.0,0.0,1.0,Normal
1889834,34306,2024-04-26 01:20:00+00:00,2024-04-26 01:30:00+00:00,165.225.240.79,NL,HTTPS,200,443,10.138.69.97,Suspicious Web Traffic,Adversary Infrastructure Interaction,AWS_VPC_Flow,prod_webserver,2024-04-26 01:20:00+00:00,waf_rule,600.0,3206.9,0.1666954102812553,-0.1974582668447648,0.0,0.1456355557222992,0.0,0.0,0.0,0.0,0.0,1.0,0.0,Suspicious
5154,2878,2024-04-26 01:20:00+00:00,2024-04-26 01:30:00+00:00,136.226.77.103,CA,HTTPS,200,443,10.138.69.97,Suspicious Web Traffic,Adversary Infrastructure Interaction,AWS_VPC_Flow,prod_webserver,2024-04-26 01:20:00+00:00,waf_rule,600.0,13.386666666666668,-0.288327144742548,-0.3209593514398606,0.0,-0.290252303026216,0.0,0.0,1.0,0.0,0.0,0.0,0.0,Normal
12764,26284,2024-04-26 01:20:00+00:00,2024-04-26 01:30:00+00:00,165.225.26.101,DE,HTTPS,200,443,10.138.69.97,Suspicious Web Traffic,Adversary Infrastructure Interaction,AWS_VPC_Flow,prod_webserver,2024-04-26 01:20:00+00:00,waf_rule,600.0,65.08,-0.2864898452308372,-0.2289819304766173,0.0,-0.2831965954006835,0.0,0.0,0.0,1.0,0.0,0.0,0.0,Normal
4788904,294113,2024-04-26 01:20:00+00:00,2024-04-26 01:30:00+00:00,155.91.45.242,US,HTTPS,200,443,10.138.69.97,Suspicious Web Traffic,Adversary Infrastructure Interaction,AWS_VPC_Flow,prod_webserver,2024-04-26 01:20:00+00:00,waf_rule,600.0,8471.695,0.866624437274091,0.8234926777078014,0.0,0.8642360373130725,0.0,0.0,0.0,0.0,0.0,0.0,1.0,Normal
22366,31577,2024-04-26 01:20:00+00:00,2024-04-26 01:30:00+00:00,165.225.209.4,CA,HTTPS,200,443,10.138.69.97,Suspicious Web Traffic,Adversary Infrastructure Interaction,AWS_VPC_Flow,prod_webserver,2024-04-26 01:20:00+00:00,waf_rule,600.0,89.905,-0.2841716126537745,-0.2081822855497418,0.0,-0.2798081905424713,0.0,0.0,1.0,0.0,0.0,0.0,0.0,Normal
6376,11690,2024-04-26 01:20:00+00:00,2024-04-26 01:30:00+00:00,147.161.131.1,AT,HTTPS,200,443,10.138.69.97,Suspicious Web Traffic,Adversary Infrastructure Interaction,AWS_VPC_Flow,prod_webserver,2024-04-26 01:20:00+00:00,waf_rule,600.0,30.11,-0.2880321145187227,-0.2863312631920566,0.0,-0.2879697079038729,0.0,1.0,0.0,0.0,0.0,0.0,0.0,Normal
3618,2878,2024-04-26 01:30:00+00:00,2024-04-26 01:40:00+00:00,147.161.161.82,AE,HTTPS,200,443,10.138.69.97,Suspicious Web Traffic,Adversary Infrastructure Interaction,AWS_VPC_Flow,prod_webserver,2024-04-26 01:30:00+00:00,waf_rule,600.0,10.826666666666666,-0.2886979846965543,-0.3209593514398606,0.0,-0.2906017216138101,1.0,0.0,0.0,0.0,0.0,0.0,0.0,Normal
23680,33014,2024-04-26 01:30:00+00:00,2024-04-26 01:40:00+00:00,136.226.67.101,US,HTTPS,200,443,10.138.69.97,Suspicious Web Traffic,Adversary Infrastructure Interaction,AWS_VPC_Flow,prod_webserver,2024-04-26 01:30:00+00:00,waf_rule,600.0,94.49,-0.2838543706618707,-0.20253537646984,0.0,-0.2791823763924249,0.0,0.0,0.0,0.0,0.0,0.0,1.0,Normal
28388,13468,2024-04-26 01:30:00+00:00,2024-04-26 01:40:00+00:00,165.225.212.255,CA,HTTPS,200,443,10.138.69.97,Suspicious Web Traffic,Adversary Infrastructure Interaction,AWS_VPC_Flow,prod_webserver,2024-04-26 01:30:00+00:00,waf_rule,600.0,69.76,-0.2827177075736795,-0.2793443429804593,0.0,-0.282557814545238,0.0,0.0,1.0,0.0,0.0,0.0,0.0,Normal
43840,13960,2024-04-26 01:30:00+00:00,2024-04-26 01:40:00+00:00,136.226.64.114,US,HTTPS,200,443,10.138.69.97,Suspicious Web Traffic,Adversary Infrastructure Interaction,AWS_VPC_Flow,prod_webserver,2024-04-26 01:30:00+00:00,waf_rule,600.0,96.33333333333331,-0.2789870962655382,-0.2774109544854616,0.0,-0.2789307768104724,0.0,0.0,0.0,0.0,0.0,0.0,1.0,Normal
1253276,46666,2024-04-26 01:30:00+00:00,2024-04-26 01:40:00+00:00,165.225.240.79,NL,HTTPS,200,443,10.138.69.97,Suspicious Web Traffic,Adversary Infrastructure Interaction,AWS_VPC_Flow,prod_webserver,2024-04-26 01:30:00+00:00,waf_rule,600.0,2166.57,0.0130097726234873,-0.148887775385067,0.0,0.0036392122723967,0.0,0.0,0.0,0.0,0.0,1.0,0.0,Normal
4080,11386,2024-04-26 01:30:00+00:00,2024-04-26 01:40:00+00:00,94.188.248.74,IL,HTTPS,200,443,10.138.69.97,Suspicious Web Traffic,Adversary Infrastructure Interaction,AWS_VPC_Flow,prod_webserver,2024-04-26 01:30:00+00:00,waf_rule,600.0,25.776666666666667,-0.2885864429916383,-0.2875258772214861,0.0,-0.288561171658915,0.0,0.0,0.0,0.0,1.0,0.0,0.0,Normal
3206,11038,2024-04-26 01:30:00+00:00,2024-04-26 01:40:00+00:00,165.225.8.79,US,HTTPS,200,443,10.138.69.97,Suspicious Web Traffic,Adversary Infrastructure Interaction,AWS_VPC_Flow,prod_webserver,2024-04-26 01:30:00+00:00,waf_rule,600.0,23.74,-0.2887974547883841,-0.2888933959130698,0.0,-0.2888391596237847,0.0,0.0,0.0,0.0,0.0,0.0,1.0,Normal
14222,9362,2024-04-26 01:30:00+00:00,2024-04-26 01:40:00+00:00,165.225.26.101,DE,HTTPS,200,443,10.138.69.97,Suspicious Web Traffic,Adversary Infrastructure Interaction,AWS_VPC_Flow,prod_webserver,2024-04-26 01:30:00+00:00,waf_rule,600.0,39.306666666666665,-0.2861378369932453,-0.2954794916805823,0.0,-0.2867144398268259,0.0,0.0,0.0,1.0,0.0,0.0,0.0,Normal
4808787,301495,2024-04-26 01:30:00+00:00,2024-04-26 01:40:00+00:00,155.91.45.242,US,HTTPS,200,443,10.138.69.97,Suspicious Web Traffic,Adversary Infrastructure Interaction,AWS_VPC_Flow,prod_webserver,2024-04-26 01:30:00+00:00,waf_rule,600.0,8517.136666666667,0.8714248349339262,0.8525013644355919,0.0,0.8704384447289272,0.0,0.0,0.0,0.0,0.0,0.0,1.0,Normal
7294,13707,2024-04-26 01:30:00+00:00,2024-04-26 01:40:00+00:00,165.225.209.4,CA,HTTPS,200,443,10.138.69.97,Suspicious Web Traffic,Adversary Infrastructure Interaction,AWS_VPC_Flow,prod_webserver,2024-04-26 01:30:00+00:00,waf_rule,600.0,35.001666666666665,-0.2878104797024611,-0.2784051562928487,0.0,-0.2873020363188543,0.0,0.0,1.0,0.0,0.0,0.0,0.0,Normal
5824,12018,2024-04-26 01:40:00+00:00,2024-04-26 01:50:00+00:00,165.225.33.6,US,HTTPS,200,443,10.138.69.97,Suspicious Web Traffic,Adversary Infrastructure Interaction,AWS_VPC_Flow,prod_webserver,2024-04-26 01:40:00+00:00,waf_rule,600.0,29.736666666666668,-0.2881653851271937,-0.2850423375287249,0.0,-0.2880206647812304,0.0,0.0,0.0,0.0,0.0,0.0,1.0,Normal
5492,12046,2024-04-26 01:40:00+00:00,2024-04-26 01:50:00+00:00,136.226.67.101,US,HTTPS,200,443,10.138.69.97,Suspicious Web Traffic,Adversary Infrastructure Interaction,AWS_VPC_Flow,prod_webserver,2024-04-26 01:40:00+00:00,waf_rule,600.0,29.23,-0.2882455406380857,-0.2849323072891722,0.0,-0.2880898205433583,0.0,0.0,0.0,0.0,0.0,0.0,1.0,Normal
28644,7330,2024-04-26 01:40:00+00:00,2024-04-26 01:50:00+00:00,165.225.213.7,CA,HTTPS,200,443,10.138.69.97,Suspicious Web Traffic,Adversary Infrastructure Interaction,AWS_VPC_Flow,prod_webserver,2024-04-26 01:40:00+00:00,waf_rule,600.0,59.95666666666666,-0.2826559009146785,-0.3034645433509792,0.0,-0.2838958875479909,0.0,0.0,1.0,0.0,0.0,0.0,0.0,Normal
3206,11142,2024-04-26 01:40:00+00:00,2024-04-26 01:50:00+00:00,165.225.8.79,US,HTTPS,200,443,10.138.69.97,Suspicious Web Traffic,Adversary Infrastructure Interaction,AWS_VPC_Flow,prod_webserver,2024-04-26 01:40:00+00:00,waf_rule,600.0,23.91333333333333,-0.2887974547883841,-0.2884847121661598,0.0,-0.288815501073583,0.0,0.0,0.0,0.0,0.0,0.0,1.0,Normal
38780,18682,2024-04-26 01:40:00+00:00,2024-04-26 01:50:00+00:00,136.226.77.103,CA,HTTPS,200,443,10.138.69.97,Suspicious Web Traffic,Adversary Infrastructure Interaction,AWS_VPC_Flow,prod_webserver,2024-04-26 01:40:00+00:00,waf_rule,600.0,95.77,-0.2802087435098558,-0.258855140515179,0.0,-0.2790076670986278,0.0,0.0,1.0,0.0,0.0,0.0,0.0,Normal
4869181,301752,2024-04-26 01:40:00+00:00,2024-04-26 01:50:00+00:00,155.91.45.242,US,HTTPS,200,443,10.138.69.97,Suspicious Web Traffic,Adversary Infrastructure Interaction,AWS_VPC_Flow,prod_webserver,2024-04-26 01:40:00+00:00,waf_rule,600.0,8618.221666666666,0.8860058949484154,0.8535112848486293,0.0,0.884235701731641,0.0,0.0,0.0,0.0,0.0,0.0,1.0,Suspicious
6046,4544,2024-04-26 01:40:00+00:00,2024-04-26 01:50:00+00:00,165.225.209.4,CA,HTTPS,200,443,10.138.69.97,Suspicious Web Traffic,Adversary Infrastructure Interaction,AWS_VPC_Flow,prod_webserver,2024-04-26 01:40:00+00:00,waf_rule,600.0,17.65,-0.2881117871650912,-0.3144125521864742,0.0,-0.2896703936856785,0.0,0.0,1.0,0.0,0.0,0.0,0.0,Normal
6584,11898,2024-04-26 01:40:00+00:00,2024-04-26 01:50:00+00:00,147.161.131.1,AT,HTTPS,200,443,10.138.69.97,Suspicious Web Traffic,Adversary Infrastructure Interaction,AWS_VPC_Flow,prod_webserver,2024-04-26 01:40:00+00:00,waf_rule,600.0,30.80333333333333,-0.2879818966082844,-0.2855138956982365,0.0,-0.2878750737030662,0.0,1.0,0.0,0.0,0.0,0.0,0.0,Normal
7666,14346,2024-04-26 01:40:00+00:00,2024-04-26 01:50:00+00:00,136.226.80.97,US,HTTPS,200,443,10.138.69.97,Suspicious Web Traffic,Adversary Infrastructure Interaction,AWS_VPC_Flow,prod_webserver,2024-04-26 01:40:00+00:00,waf_rule,600.0,36.68666666666667,-0.2877206669011002,-0.2758941090401993,0.0,-0.2870720479125668,0.0,0.0,0.0,0.0,0.0,0.0,1.0,Normal
5140,4294,2024-04-26 01:50:00+00:00,2024-04-26 02:00:00+00:00,147.161.161.82,AE,HTTPS,200,443,10.138.69.97,Suspicious Web Traffic,Adversary Infrastructure Interaction,AWS_VPC_Flow,prod_webserver,2024-04-26 01:50:00+00:00,waf_rule,600.0,15.723333333333333,-0.2883305247942121,-0.3153949650396234,0.0,-0.2899333675706125,1.0,0.0,0.0,0.0,0.0,0.0,0.0,Normal
37105,49494,2024-04-26 01:50:00+00:00,2024-04-26 02:00:00+00:00,136.226.67.101,US,HTTPS,200,443,10.138.69.97,Suspicious Web Traffic,Adversary Infrastructure Interaction,AWS_VPC_Flow,prod_webserver,2024-04-26 01:50:00+00:00,waf_rule,600.0,144.33166666666668,-0.2806131425482415,-0.1377747211902429,0.0,-0.272379405779143,0.0,0.0,0.0,0.0,0.0,0.0,1.0,Normal
28896,7328,2024-04-26 01:50:00+00:00,2024-04-26 02:00:00+00:00,165.225.213.7,CA,HTTPS,200,443,10.138.69.97,Suspicious Web Traffic,Adversary Infrastructure Interaction,AWS_VPC_Flow,prod_webserver,2024-04-26 01:50:00+00:00,waf_rule,600.0,60.373333333333335,-0.2825950599847243,-0.3034724026538044,0.0,-0.283839016033083,0.0,0.0,1.0,0.0,0.0,0.0,0.0,Normal
8872,14760,2024-04-26 01:50:00+00:00,2024-04-26 02:00:00+00:00,165.225.26.101,DE,HTTPS,200,443,10.138.69.97,Suspicious Web Traffic,Adversary Infrastructure Interaction,AWS_VPC_Flow,prod_webserver,2024-04-26 01:50:00+00:00,waf_rule,600.0,39.38666666666666,-0.2874294995934625,-0.2742672333553841,0.0,-0.2867035204959636,0.0,0.0,0.0,1.0,0.0,0.0,0.0,Normal
4755578,292284,2024-04-26 01:50:00+00:00,2024-04-26 02:00:00+00:00,155.91.45.242,US,HTTPS,200,443,10.138.69.97,Suspicious Web Traffic,Adversary Infrastructure Interaction,AWS_VPC_Flow,prod_webserver,2024-04-26 01:50:00+00:00,waf_rule,600.0,8413.103333333333,0.8585784657199156,0.8163053452741617,0.0,0.8562387648867249,0.0,0.0,0.0,0.0,0.0,0.0,1.0,Normal
11358,24124,2024-04-26 01:50:00+00:00,2024-04-26 02:00:00+00:00,165.225.209.4,CA,HTTPS,200,443,10.138.69.97,Suspicious Web Traffic,Adversary Infrastructure Interaction,AWS_VPC_Flow,prod_webserver,2024-04-26 01:50:00+00:00,waf_rule,600.0,59.13666666666666,-0.2868292989908195,-0.2374699775278266,0.0,-0.2840078106893296,0.0,0.0,1.0,0.0,0.0,0.0,0.0,Normal
4264,11882,2024-04-26 01:50:00+00:00,2024-04-26 02:00:00+00:00,147.161.131.1,AT,HTTPS,200,443,10.138.69.97,Suspicious Web Traffic,Adversary Infrastructure Interaction,AWS_VPC_Flow,prod_webserver,2024-04-26 01:50:00+00:00,waf_rule,600.0,26.91,-0.2885420194554813,-0.285576770120838,0.0,-0.2884064811383655,0.0,1.0,0.0,0.0,0.0,0.0,0.0,Normal
3966,3248,2024-04-26 01:50:00+00:00,2024-04-26 02:00:00+00:00,136.226.80.97,US,HTTPS,200,443,10.138.69.97,Suspicious Web Traffic,Adversary Infrastructure Interaction,AWS_VPC_Flow,prod_webserver,2024-04-26 01:50:00+00:00,waf_rule,600.0,12.023333333333332,-0.2886139662694748,-0.3195053804171998,0.0,-0.2904383866229946,0.0,0.0,0.0,0.0,0.0,0.0,1.0,Normal
35666,39032,2024-04-26 08:00:00+00:00,2024-04-26 08:10:00+00:00,136.226.67.101,US,HTTPS,200,443,10.138.69.97,Suspicious Web Traffic,Adversary Infrastructure Interaction,AWS_VPC_Flow,prod_webserver,2024-04-26 08:00:00+00:00,waf_rule,600.0,124.49666666666668,-0.2809605635728607,-0.1788867342688318,0.0,-0.2750867173748182,0.0,0.0,0.0,0.0,0.0,0.0,1.0,Normal
28540,7228,2024-04-26 08:00:00+00:00,2024-04-26 08:10:00+00:00,165.225.213.7,CA,HTTPS,200,443,10.138.69.97,Suspicious Web Traffic,Adversary Infrastructure Interaction,AWS_VPC_Flow,prod_webserver,2024-04-26 08:00:00+00:00,waf_rule,600.0,59.61333333333334,-0.2826810098698977,-0.303865367795064,0.0,-0.283942749676275,0.0,0.0,1.0,0.0,0.0,0.0,0.0,Normal
44408,22446,2024-04-26 08:00:00+00:00,2024-04-26 08:10:00+00:00,136.226.64.114,US,HTTPS,200,443,10.138.69.97,Suspicious Web Traffic,Adversary Infrastructure Interaction,AWS_VPC_Flow,prod_webserver,2024-04-26 08:00:00+00:00,waf_rule,600.0,111.42333333333332,-0.2788499627408796,-0.2440639325981642,0.0,-0.2768711180265682,0.0,0.0,0.0,0.0,0.0,0.0,1.0,Normal
8202,6068,2024-04-26 08:00:00+00:00,2024-04-26 08:10:00+00:00,165.225.26.101,DE,HTTPS,200,443,10.138.69.97,Suspicious Web Traffic,Adversary Infrastructure Interaction,AWS_VPC_Flow,prod_webserver,2024-04-26 08:00:00+00:00,waf_rule,600.0,23.78333333333333,-0.2875912592088168,-0.3084237634336765,0.0,-0.2888332449862343,0.0,0.0,0.0,1.0,0.0,0.0,0.0,Normal
18201558,1170896,2024-04-26 08:00:00+00:00,2024-04-26 08:10:00+00:00,155.91.45.242,US,HTTPS,200,443,10.138.69.97,Suspicious Web Traffic,Adversary Infrastructure Interaction,AWS_VPC_Flow,prod_webserver,2024-04-26 08:00:00+00:00,waf_rule,600.0,32287.42333333333,4.104871828199997,4.26894423219876,0.0,4.114883754796537,0.0,0.0,0.0,0.0,0.0,0.0,1.0,Suspicious
23836,41493,2024-04-26 08:00:00+00:00,2024-04-26 08:10:00+00:00,165.225.209.4,CA,HTTPS,200,443,10.138.69.97,Suspicious Web Traffic,Adversary Infrastructure Interaction,AWS_VPC_Flow,prod_webserver,2024-04-26 08:00:00+00:00,waf_rule,600.0,108.88166666666666,-0.2838167072290419,-0.1692158621424308,0.0,-0.2772180342675063,0.0,0.0,1.0,0.0,0.0,0.0,0.0,Normal
3862,2982,2024-04-26 08:00:00+00:00,2024-04-26 08:10:00+00:00,136.226.80.97,US,HTTPS,200,443,10.138.69.97,Suspicious Web Traffic,Adversary Infrastructure Interaction,AWS_VPC_Flow,prod_webserver,2024-04-26 08:00:00+00:00,waf_rule,600.0,11.406666666666666,-0.2886390752246939,-0.3205506676929506,0.0,-0.2905225564650583,0.0,0.0,0.0,0.0,0.0,0.0,1.0,Normal
15978,28154,2024-04-26 08:10:00+00:00,2024-04-26 08:20:00+00:00,136.226.67.101,US,HTTPS,200,443,10.138.69.97,Suspicious Web Traffic,Adversary Infrastructure Interaction,AWS_VPC_Flow,prod_webserver,2024-04-26 08:10:00+00:00,waf_rule,600.0,73.55333333333333,-0.28571388194166,-0.221633482335061,0.0,-0.2820400562735166,0.0,0.0,0.0,0.0,0.0,0.0,1.0,Normal
28042,4834,2024-04-26 08:10:00+00:00,2024-04-26 08:20:00+00:00,165.225.212.255,CA,HTTPS,200,443,10.138.69.97,Suspicious Web Traffic,Adversary Infrastructure Interaction,AWS_VPC_Flow,prod_webserver,2024-04-26 08:10:00+00:00,waf_rule,600.0,54.79333333333334,-0.2828012431362356,-0.3132729532768211,0.0,-0.2846006393607294,0.0,0.0,1.0,0.0,0.0,0.0,0.0,Normal
3618,2648,2024-04-26 08:10:00+00:00,2024-04-26 08:20:00+00:00,94.188.248.74,IL,HTTPS,200,443,10.138.69.97,Suspicious Web Traffic,Adversary Infrastructure Interaction,AWS_VPC_Flow,prod_webserver,2024-04-26 08:10:00+00:00,waf_rule,600.0,10.443333333333332,-0.2886979846965543,-0.3218631712647579,0.0,-0.2906540434075254,0.0,0.0,0.0,0.0,1.0,0.0,0.0,Normal
13546,17742,2024-04-26 08:10:00+00:00,2024-04-26 08:20:00+00:00,165.225.26.101,DE,HTTPS,200,443,10.138.69.97,Suspicious Web Traffic,Adversary Infrastructure Interaction,AWS_VPC_Flow,prod_webserver,2024-04-26 08:10:00+00:00,waf_rule,600.0,52.14666666666667,-0.2863010452021699,-0.2625490128430201,0.0,-0.2849618872234244,0.0,0.0,0.0,1.0,0.0,0.0,0.0,Normal
18273120,1145109,2024-04-26 08:10:00+00:00,2024-04-26 08:20:00+00:00,155.91.45.242,US,HTTPS,200,443,10.138.69.97,Suspicious Web Traffic,Adversary Infrastructure Interaction,AWS_VPC_Flow,prod_webserver,2024-04-26 08:10:00+00:00,waf_rule,600.0,32363.715,4.122149203713406,4.167610311222123,0.0,4.125296929176172,0.0,0.0,0.0,0.0,0.0,0.0,1.0,Suspicious
15094,10563,2024-04-26 08:10:00+00:00,2024-04-26 08:20:00+00:00,165.225.209.4,CA,HTTPS,200,443,10.138.69.97,Suspicious Web Traffic,Adversary Infrastructure Interaction,AWS_VPC_Flow,prod_webserver,2024-04-26 08:10:00+00:00,waf_rule,600.0,42.76166666666666,-0.285927308061023,-0.2907599803340533,0.0,-0.2862428612252097,0.0,0.0,1.0,0.0,0.0,0.0,0.0,Normal
5238,11674,2024-04-26 08:10:00+00:00,2024-04-26 08:20:00+00:00,147.161.131.1,AT,HTTPS,200,443,10.138.69.97,Suspicious Web Traffic,Adversary Infrastructure Interaction,AWS_VPC_Flow,prod_webserver,2024-04-26 08:10:00+00:00,waf_rule,600.0,28.186666666666667,-0.2883068644325633,-0.2863941376146582,0.0,-0.2882322268166877,0.0,1.0,0.0,0.0,0.0,0.0,0.0,Normal
4480,11778,2024-04-26 08:20:00+00:00,2024-04-26 08:30:00+00:00,147.161.161.82,AE,HTTPS,200,443,10.138.69.97,Suspicious Web Traffic,Adversary Infrastructure Interaction,AWS_VPC_Flow,prod_webserver,2024-04-26 08:20:00+00:00,waf_rule,600.0,27.096666666666668,-0.2884898700869492,-0.2859854538677481,0.0,-0.2883810026996867,1.0,0.0,0.0,0.0,0.0,0.0,0.0,Normal
30396,28830,2024-04-26 08:20:00+00:00,2024-04-26 08:30:00+00:00,136.226.67.101,US,HTTPS,200,443,10.138.69.97,Suspicious Web Traffic,Adversary Infrastructure Interaction,AWS_VPC_Flow,prod_webserver,2024-04-26 08:20:00+00:00,waf_rule,600.0,98.71,-0.2822329115921401,-0.2189770379801455,0.0,-0.2786063816894377,0.0,0.0,0.0,0.0,0.0,0.0,1.0,Normal
28628,13570,2024-04-26 08:20:00+00:00,2024-04-26 08:30:00+00:00,165.225.212.255,CA,HTTPS,200,443,10.138.69.97,Suspicious Web Traffic,Adversary Infrastructure Interaction,AWS_VPC_Flow,prod_webserver,2024-04-26 08:20:00+00:00,waf_rule,600.0,70.33,-0.282659763830866,-0.2789435185363744,0.0,-0.282480014312844,0.0,0.0,1.0,0.0,0.0,0.0,0.0,Normal
1360,436,2024-04-26 08:20:00+00:00,2024-04-26 08:30:00+00:00,198.235.24.81,US,HTTPS,200,443,10.138.69.97,Suspicious Web Traffic,Adversary Infrastructure Interaction,AWS_VPC_Flow,prod_webserver,2024-04-26 08:20:00+00:00,waf_rule,600.0,2.993333333333333,-0.2892431387435245,-0.3305555601894223,0.0,-0.2916709060940784,0.0,0.0,0.0,0.0,0.0,0.0,1.0,Normal
3976,11282,2024-04-26 08:20:00+00:00,2024-04-26 08:30:00+00:00,94.188.248.74,IL,HTTPS,200,443,10.138.69.97,Suspicious Web Traffic,Adversary Infrastructure Interaction,AWS_VPC_Flow,prod_webserver,2024-04-26 08:20:00+00:00,waf_rule,600.0,25.43,-0.2886115519468575,-0.2879345609683962,0.0,-0.2886084887593184,0.0,0.0,0.0,0.0,1.0,0.0,0.0,Normal
9440,23452,2024-04-26 08:20:00+00:00,2024-04-26 08:30:00+00:00,165.225.26.101,DE,HTTPS,200,443,10.138.69.97,Suspicious Web Traffic,Adversary Infrastructure Interaction,AWS_VPC_Flow,prod_webserver,2024-04-26 08:20:00+00:00,waf_rule,600.0,54.82,-0.2872923660688039,-0.2401107032770917,0.0,-0.2845969995837753,0.0,0.0,0.0,1.0,0.0,0.0,0.0,Normal
18285525,1130944,2024-04-26 08:20:00+00:00,2024-04-26 08:30:00+00:00,155.91.45.242,US,HTTPS,200,443,10.138.69.97,Suspicious Web Traffic,Adversary Infrastructure Interaction,AWS_VPC_Flow,prod_webserver,2024-04-26 08:20:00+00:00,waf_rule,600.0,32360.781666666662,4.125144170920079,4.111946798962689,0.0,4.1248965537112205,0.0,0.0,0.0,0.0,0.0,0.0,1.0,Suspicious
24200,41078,2024-04-26 08:20:00+00:00,2024-04-26 08:30:00+00:00,165.225.209.4,CA,HTTPS,200,443,10.138.69.97,Suspicious Web Traffic,Adversary Infrastructure Interaction,AWS_VPC_Flow,prod_webserver,2024-04-26 08:20:00+00:00,waf_rule,600.0,108.79666666666668,-0.2837288258857748,-0.1708466674786585,0.0,-0.2772296360565475,0.0,0.0,1.0,0.0,0.0,0.0,0.0,Normal
5030,11570,2024-04-26 08:20:00+00:00,2024-04-26 08:30:00+00:00,147.161.131.1,AT,HTTPS,200,443,10.138.69.97,Suspicious Web Traffic,Adversary Infrastructure Interaction,AWS_VPC_Flow,prod_webserver,2024-04-26 08:20:00+00:00,waf_rule,600.0,27.666666666666668,-0.2883570823430016,-0.2868028213615683,0.0,-0.2883032024672928,0.0,1.0,0.0,0.0,0.0,0.0,0.0,Normal
7204,5860,2024-04-26 08:20:00+00:00,2024-04-26 08:30:00+00:00,136.226.80.97,US,HTTPS,200,443,10.138.69.97,Suspicious Web Traffic,Adversary Infrastructure Interaction,AWS_VPC_Flow,prod_webserver,2024-04-26 08:20:00+00:00,waf_rule,600.0,21.773333333333333,-0.2878322086060162,-0.3092411309274966,0.0,-0.2891075931741499,0.0,0.0,0.0,0.0,0.0,0.0,1.0,Normal
4168,11674,2024-04-26 08:30:00+00:00,2024-04-26 08:40:00+00:00,147.161.161.82,AE,HTTPS,200,443,10.138.69.97,Suspicious Web Traffic,Adversary Infrastructure Interaction,AWS_VPC_Flow,prod_webserver,2024-04-26 08:30:00+00:00,waf_rule,600.0,26.40333333333333,-0.2885651969526067,-0.2863941376146582,0.0,-0.2884756369004935,1.0,0.0,0.0,0.0,0.0,0.0,0.0,Normal
37156,48239,2024-04-26 08:30:00+00:00,2024-04-26 08:40:00+00:00,136.226.67.101,US,HTTPS,200,443,10.138.69.97,Suspicious Web Traffic,Adversary Infrastructure Interaction,AWS_VPC_Flow,prod_webserver,2024-04-26 08:30:00+00:00,waf_rule,600.0,142.325,-0.2806008295028936,-0.142706433713052,0.0,-0.2726532989949394,0.0,0.0,0.0,0.0,0.0,0.0,1.0,Normal
27912,6080,2024-04-26 08:30:00+00:00,2024-04-26 08:40:00+00:00,165.225.213.7,CA,HTTPS,200,443,10.138.69.97,Suspicious Web Traffic,Adversary Infrastructure Interaction,AWS_VPC_Flow,prod_webserver,2024-04-26 08:30:00+00:00,waf_rule,600.0,56.653333333333336,-0.2828326293302596,-0.3083766076167253,0.0,-0.2843467649181806,0.0,0.0,1.0,0.0,0.0,0.0,0.0,Normal
44390,22134,2024-04-26 08:30:00+00:00,2024-04-26 08:40:00+00:00,136.226.64.114,US,HTTPS,200,443,10.138.69.97,Suspicious Web Traffic,Adversary Infrastructure Interaction,AWS_VPC_Flow,prod_webserver,2024-04-26 08:30:00+00:00,waf_rule,600.0,110.87333333333332,-0.2788543085215906,-0.2452899838388945,0.0,-0.2769461884262466,0.0,0.0,0.0,0.0,0.0,0.0,1.0,Normal
4686,11778,2024-04-26 08:30:00+00:00,2024-04-26 08:40:00+00:00,136.226.77.103,CA,HTTPS,200,443,10.138.69.97,Suspicious Web Traffic,Adversary Infrastructure Interaction,AWS_VPC_Flow,prod_webserver,2024-04-26 08:30:00+00:00,waf_rule,600.0,27.44,-0.2884401350410343,-0.2859854538677481,0.0,-0.2883341405714026,0.0,0.0,1.0,0.0,0.0,0.0,0.0,Normal
18239056,1144663,2024-04-26 08:30:00+00:00,2024-04-26 08:40:00+00:00,155.91.45.242,US,HTTPS,200,443,10.138.69.97,Suspicious Web Traffic,Adversary Infrastructure Interaction,AWS_VPC_Flow,prod_webserver,2024-04-26 08:30:00+00:00,waf_rule,600.0,32306.198333333334,4.11392505515008,4.165857686692106,0.0,4.117446385258288,0.0,0.0,0.0,0.0,0.0,0.0,1.0,Normal
6806,13238,2024-04-26 08:30:00+00:00,2024-04-26 08:40:00+00:00,165.225.209.4,CA,HTTPS,200,443,10.138.69.97,Suspicious Web Traffic,Adversary Infrastructure Interaction,AWS_VPC_Flow,prod_webserver,2024-04-26 08:30:00+00:00,waf_rule,600.0,33.406666666666666,-0.2879282986461819,-0.2802481628053566,0.0,-0.2875197404779216,0.0,0.0,1.0,0.0,0.0,0.0,0.0,Normal
10118,14760,2024-04-26 08:30:00+00:00,2024-04-26 08:40:00+00:00,147.161.131.1,AT,HTTPS,200,443,10.138.69.97,Suspicious Web Traffic,Adversary Infrastructure Interaction,AWS_VPC_Flow,prod_webserver,2024-04-26 08:30:00+00:00,waf_rule,600.0,41.46333333333333,-0.2871286749953558,-0.2742672333553841,0.0,-0.2864200728656627,0.0,1.0,0.0,0.0,0.0,0.0,0.0,Normal
15016,11797,2024-04-26 08:40:00+00:00,2024-04-26 08:50:00+00:00,136.226.67.101,US,HTTPS,200,443,10.138.69.97,Suspicious Web Traffic,Adversary Infrastructure Interaction,AWS_VPC_Flow,prod_webserver,2024-04-26 08:40:00+00:00,waf_rule,600.0,44.68833333333333,-0.2859461397774374,-0.2859107904909088,0.0,-0.2859798873402756,0.0,0.0,0.0,0.0,0.0,0.0,1.0,Normal
1996566,56644,2024-04-26 08:40:00+00:00,2024-04-26 08:50:00+00:00,165.225.240.79,NL,HTTPS,200,443,10.138.69.97,Suspicious Web Traffic,Adversary Infrastructure Interaction,AWS_VPC_Flow,prod_webserver,2024-04-26 08:40:00+00:00,waf_rule,600.0,3422.016666666667,0.1924639584394575,-0.109677713590175,0.0,0.1749971814389451,0.0,0.0,0.0,0.0,0.0,1.0,0.0,Normal
10578,23450,2024-04-26 08:40:00+00:00,2024-04-26 08:50:00+00:00,165.225.26.101,DE,HTTPS,200,443,10.138.69.97,Suspicious Web Traffic,Adversary Infrastructure Interaction,AWS_VPC_Flow,prod_webserver,2024-04-26 08:40:00+00:00,waf_rule,600.0,56.71333333333333,-0.2870176161549633,-0.2401185625799169,0.0,-0.2843385754200339,0.0,0.0,0.0,1.0,0.0,0.0,0.0,Normal
18125238,1121958,2024-04-26 08:40:00+00:00,2024-04-26 08:50:00+00:00,155.91.45.242,US,HTTPS,200,443,10.138.69.97,Suspicious Web Traffic,Adversary Infrastructure Interaction,AWS_VPC_Flow,prod_webserver,2024-04-26 08:40:00+00:00,waf_rule,600.0,32078.66,4.08644571798531,4.076634951369093,0.0,4.086389305939207,0.0,0.0,0.0,0.0,0.0,0.0,1.0,Suspicious
18482,29508,2024-04-26 08:40:00+00:00,2024-04-26 08:50:00+00:00,165.225.209.4,CA,HTTPS,200,443,10.138.69.97,Suspicious Web Traffic,Adversary Infrastructure Interaction,AWS_VPC_Flow,prod_webserver,2024-04-26 08:40:00+00:00,waf_rule,600.0,79.98333333333333,-0.285109335558306,-0.2163127343224048,0.0,-0.281162415055458,0.0,0.0,1.0,0.0,0.0,0.0,0.0,Normal
5238,11778,2024-04-26 08:40:00+00:00,2024-04-26 08:50:00+00:00,147.161.131.1,AT,HTTPS,200,443,10.138.69.97,Suspicious Web Traffic,Adversary Infrastructure Interaction,AWS_VPC_Flow,prod_webserver,2024-04-26 08:40:00+00:00,waf_rule,600.0,28.36,-0.2883068644325633,-0.2859854538677481,0.0,-0.288208568266486,0.0,1.0,0.0,0.0,0.0,0.0,0.0,Normal
4116,11570,2024-04-26 08:40:00+00:00,2024-04-26 08:50:00+00:00,136.226.80.97,US,HTTPS,200,443,10.138.69.97,Suspicious Web Traffic,Adversary Infrastructure Interaction,AWS_VPC_Flow,prod_webserver,2024-04-26 08:40:00+00:00,waf_rule,600.0,26.14333333333333,-0.2885777514302163,-0.2868028213615683,0.0,-0.288511124725796,0.0,0.0,0.0,0.0,0.0,0.0,1.0,Normal
4272,11778,2024-04-26 08:50:00+00:00,2024-04-26 09:00:00+00:00,147.161.161.82,AE,HTTPS,200,443,10.138.69.97,Suspicious Web Traffic,Adversary Infrastructure Interaction,AWS_VPC_Flow,prod_webserver,2024-04-26 08:50:00+00:00,waf_rule,600.0,26.75,-0.2885400879973875,-0.2859854538677481,0.0,-0.2884283198000901,1.0,0.0,0.0,0.0,0.0,0.0,0.0,Normal
31166,25856,2024-04-26 08:50:00+00:00,2024-04-26 09:00:00+00:00,165.225.33.6,US,HTTPS,200,443,10.138.69.97,Suspicious Web Traffic,Adversary Infrastructure Interaction,AWS_VPC_Flow,prod_webserver,2024-04-26 08:50:00+00:00,waf_rule,600.0,95.03666666666666,-0.2820470087506135,-0.2306638212812088,0.0,-0.2791077609648657,0.0,0.0,0.0,0.0,0.0,0.0,1.0,Normal
28830,27096,2024-04-26 08:50:00+00:00,2024-04-26 09:00:00+00:00,136.226.67.101,US,HTTPS,200,443,10.138.69.97,Suspicious Web Traffic,Adversary Infrastructure Interaction,AWS_VPC_Flow,prod_webserver,2024-04-26 08:50:00+00:00,waf_rule,600.0,93.21,-0.282610994513998,-0.2257910535295886,0.0,-0.2793570856862219,0.0,0.0,0.0,0.0,0.0,0.0,1.0,Normal
60122,12630,2024-04-26 08:50:00+00:00,2024-04-26 09:00:00+00:00,136.226.64.114,US,HTTPS,200,443,10.138.69.97,Suspicious Web Traffic,Adversary Infrastructure Interaction,AWS_VPC_Flow,prod_webserver,2024-04-26 08:50:00+00:00,waf_rule,600.0,121.25333333333332,-0.2750560961801669,-0.2826373908642156,0.0,-0.2755294052468612,0.0,0.0,0.0,0.0,0.0,0.0,1.0,Normal
3678,11038,2024-04-26 08:50:00+00:00,2024-04-26 09:00:00+00:00,165.225.240.79,NL,HTTPS,200,443,10.138.69.97,Suspicious Web Traffic,Adversary Infrastructure Interaction,AWS_VPC_Flow,prod_webserver,2024-04-26 08:50:00+00:00,waf_rule,600.0,24.526666666666667,-0.2886834987608509,-0.2888933959130698,0.0,-0.2887317862036386,0.0,0.0,0.0,0.0,0.0,1.0,0.0,Normal
36522,18578,2024-04-26 08:50:00+00:00,2024-04-26 09:00:00+00:00,136.226.77.103,CA,HTTPS,200,443,10.138.69.97,Suspicious Web Traffic,Adversary Infrastructure Interaction,AWS_VPC_Flow,prod_webserver,2024-04-26 08:50:00+00:00,waf_rule,600.0,91.83333333333331,-0.2807538975568259,-0.2592638242620891,0.0,-0.2795449891714776,0.0,0.0,1.0,0.0,0.0,0.0,0.0,Normal
13232,17534,2024-04-26 08:50:00+00:00,2024-04-26 09:00:00+00:00,165.225.26.101,DE,HTTPS,200,443,10.138.69.97,Suspicious Web Traffic,Adversary Infrastructure Interaction,AWS_VPC_Flow,prod_webserver,2024-04-26 08:50:00+00:00,waf_rule,600.0,51.27666666666666,-0.2863768549323509,-0.2633663803368403,0.0,-0.285080634946552,0.0,0.0,0.0,1.0,0.0,0.0,0.0,Normal
18171403,1103358,2024-04-26 08:50:00+00:00,2024-04-26 09:00:00+00:00,155.91.45.242,US,HTTPS,200,443,10.138.69.97,Suspicious Web Traffic,Adversary Infrastructure Interaction,AWS_VPC_Flow,prod_webserver,2024-04-26 08:50:00+00:00,waf_rule,600.0,32124.601666666666,4.097591438347744,4.003543435094791,0.0,4.092659959172951,0.0,0.0,0.0,0.0,0.0,0.0,1.0,Suspicious
1147,5151,2024-04-26 08:50:00+00:00,2024-04-26 09:00:00+00:00,65.49.1.69,US,HTTPS,200,443,10.138.69.97,Suspicious Web Traffic,Adversary Infrastructure Interaction,AWS_VPC_Flow,prod_webserver,2024-04-26 08:50:00+00:00,waf_rule,600.0,10.496666666666666,-0.2892945638152714,-0.3120272537790279,0.0,-0.2906467638536171,0.0,0.0,0.0,0.0,0.0,0.0,1.0,Normal
80,44,2024-04-26 08:50:00+00:00,2024-04-26 09:00:00+00:00,65.49.1.72,US,HTTPS,200,443,10.138.69.97,Suspicious Web Traffic,Adversary Infrastructure Interaction,AWS_VPC_Flow,prod_webserver,2024-04-26 08:50:00+00:00,waf_rule,600.0,0.2066666666666666,-0.2895521720385297,-0.3320959835431603,0.0,-0.2920512627857824,0.0,0.0,0.0,0.0,0.0,0.0,1.0,Normal
790,444,2024-04-26 08:50:00+00:00,2024-04-26 09:00:00+00:00,65.49.1.94,US,HTTPS,200,443,10.138.69.97,Suspicious Web Traffic,Adversary Infrastructure Interaction,AWS_VPC_Flow,prod_webserver,2024-04-26 08:50:00+00:00,waf_rule,600.0,2.056666666666666,-0.2893807551327065,-0.3305241229781215,0.0,-0.2917987532595913,0.0,0.0,0.0,0.0,0.0,0.0,1.0,Normal
5030,11674,2024-04-26 08:50:00+00:00,2024-04-26 09:00:00+00:00,147.161.131.1,AT,HTTPS,200,443,10.138.69.97,Suspicious Web Traffic,Adversary Infrastructure Interaction,AWS_VPC_Flow,prod_webserver,2024-04-26 08:50:00+00:00,waf_rule,600.0,27.84,-0.2883570823430016,-0.2863941376146582,0.0,-0.2882795439170911,0.0,1.0,0.0,0.0,0.0,0.0,0.0,Normal
3638,3086,2024-04-26 08:50:00+00:00,2024-04-26 09:00:00+00:00,136.226.80.97,US,HTTPS,200,443,10.138.69.97,Suspicious Web Traffic,Adversary Infrastructure Interaction,AWS_VPC_Flow,prod_webserver,2024-04-26 08:50:00+00:00,waf_rule,600.0,11.206666666666669,-0.2886931560513198,-0.3201419839460405,0.0,-0.2905498547922141,0.0,0.0,0.0,0.0,0.0,0.0,1.0,Normal
4704,11882,2024-04-26 09:10:00+00:00,2024-04-26 09:20:00+00:00,147.161.161.82,AE,HTTPS,200,443,10.138.69.97,Suspicious Web Traffic,Adversary Infrastructure Interaction,AWS_VPC_Flow,prod_webserver,2024-04-26 09:10:00+00:00,waf_rule,600.0,27.64333333333333,-0.2884357892603233,-0.285576770120838,0.0,-0.2883063872721276,1.0,0.0,0.0,0.0,0.0,0.0,0.0,Normal
16960,19458,2024-04-26 09:10:00+00:00,2024-04-26 09:20:00+00:00,136.226.67.101,US,HTTPS,200,443,10.138.69.97,Suspicious Web Traffic,Adversary Infrastructure Interaction,AWS_VPC_Flow,prod_webserver,2024-04-26 09:10:00+00:00,waf_rule,600.0,60.696666666666665,-0.2854767954606482,-0.2558057310190038,0.0,-0.2837948837375144,0.0,0.0,0.0,0.0,0.0,0.0,1.0,Normal
29314,15444,2024-04-26 09:10:00+00:00,2024-04-26 09:20:00+00:00,165.225.213.7,CA,HTTPS,200,443,10.138.69.97,Suspicious Web Traffic,Adversary Infrastructure Interaction,AWS_VPC_Flow,prod_webserver,2024-04-26 09:10:00+00:00,waf_rule,600.0,74.59666666666666,-0.2824941412993242,-0.2715793517891678,0.0,-0.2818976500001872,0.0,0.0,1.0,0.0,0.0,0.0,0.0,Normal
28244,17860,2024-04-26 09:00:00+00:00,2024-04-26 09:10:00+00:00,165.225.33.6,US,HTTPS,200,443,10.138.69.97,Suspicious Web Traffic,Adversary Infrastructure Interaction,AWS_VPC_Flow,prod_webserver,2024-04-26 09:00:00+00:00,waf_rule,600.0,76.84,-0.2827524738193676,-0.2620853139763337,0.0,-0.2815914537639231,0.0,0.0,0.0,0.0,0.0,0.0,1.0,Normal
2007229,59926,2024-04-26 09:10:00+00:00,2024-04-26 09:20:00+00:00,165.225.240.79,NL,HTTPS,200,443,10.138.69.97,Suspicious Web Traffic,Adversary Infrastructure Interaction,AWS_VPC_Flow,prod_webserver,2024-04-26 09:10:00+00:00,waf_rule,600.0,3445.258333333333,0.1950383506462081,-0.0967805976540319,0.0,0.1781694745405072,0.0,0.0,0.0,0.0,0.0,1.0,0.0,Normal
18890,30568,2024-04-26 09:00:00+00:00,2024-04-26 09:10:00+00:00,136.226.67.101,US,HTTPS,200,443,10.138.69.97,Suspicious Web Traffic,Adversary Infrastructure Interaction,AWS_VPC_Flow,prod_webserver,2024-04-26 09:00:00+00:00,waf_rule,600.0,82.43,-0.285010831195523,-0.2121473038250521,0.0,-0.2808284655199189,0.0,0.0,0.0,0.0,0.0,0.0,1.0,Normal
27970,13366,2024-04-26 09:00:00+00:00,2024-04-26 09:10:00+00:00,165.225.213.7,CA,HTTPS,200,443,10.138.69.97,Suspicious Web Traffic,Adversary Infrastructure Interaction,AWS_VPC_Flow,prod_webserver,2024-04-26 09:00:00+00:00,waf_rule,600.0,68.89333333333333,-0.2828186262590796,-0.2797451674245442,0.0,-0.2826761072962464,0.0,0.0,1.0,0.0,0.0,0.0,0.0,Normal
30596,14488,2024-04-26 09:00:00+00:00,2024-04-26 09:10:00+00:00,136.226.64.114,US,HTTPS,200,443,10.138.69.97,Suspicious Web Traffic,Adversary Infrastructure Interaction,AWS_VPC_Flow,prod_webserver,2024-04-26 09:00:00+00:00,waf_rule,600.0,75.14,-0.2821846251397955,-0.2753360985396105,0.0,-0.2818234895447473,0.0,0.0,0.0,0.0,0.0,0.0,1.0,Normal
6488,4164,2024-04-26 09:10:00+00:00,2024-04-26 09:20:00+00:00,136.226.77.103,CA,HTTPS,200,443,10.138.69.97,Suspicious Web Traffic,Adversary Infrastructure Interaction,AWS_VPC_Flow,prod_webserver,2024-04-26 09:10:00+00:00,waf_rule,600.0,17.753333333333334,-0.2880050741054097,-0.315905819723261,0.0,-0.2896562895499813,0.0,0.0,1.0,0.0,0.0,0.0,0.0,Normal
9908,14656,2024-04-26 09:10:00+00:00,2024-04-26 09:20:00+00:00,165.225.26.101,DE,HTTPS,200,443,10.138.69.97,Suspicious Web Traffic,Adversary Infrastructure Interaction,AWS_VPC_Flow,prod_webserver,2024-04-26 09:10:00+00:00,waf_rule,600.0,40.94,-0.2871793757703176,-0.2746759171022942,0.0,-0.286491503488387,0.0,0.0,0.0,1.0,0.0,0.0,0.0,Normal
48614,25178,2024-04-26 09:00:00+00:00,2024-04-26 09:10:00+00:00,136.226.77.103,CA,HTTPS,200,443,10.138.69.97,Suspicious Web Traffic,Adversary Infrastructure Interaction,AWS_VPC_Flow,prod_webserver,2024-04-26 09:00:00+00:00,waf_rule,600.0,122.98666666666666,-0.2778344986480733,-0.2333281249389495,0.0,-0.2752928197448444,0.0,0.0,1.0,0.0,0.0,0.0,0.0,Normal
7994,5754,2024-04-26 09:00:00+00:00,2024-04-26 09:10:00+00:00,165.225.26.101,DE,HTTPS,200,443,10.138.69.97,Suspicious Web Traffic,Adversary Infrastructure Interaction,AWS_VPC_Flow,prod_webserver,2024-04-26 09:00:00+00:00,waf_rule,600.0,22.91333333333333,-0.2876414771192551,-0.3096576739772319,0.0,-0.288951992709362,0.0,0.0,0.0,1.0,0.0,0.0,0.0,Normal
18119202,1132321,2024-04-26 09:10:00+00:00,2024-04-26 09:20:00+00:00,155.91.45.242,US,HTTPS,200,443,10.138.69.97,Suspicious Web Traffic,Adversary Infrastructure Interaction,AWS_VPC_Flow,prod_webserver,2024-04-26 09:10:00+00:00,waf_rule,600.0,32085.871666666662,4.08498843285355,4.117357928957835,0.0,4.087373638119233,0.0,0.0,0.0,0.0,0.0,0.0,1.0,Suspicious
3904,19282,2024-04-26 09:00:00+00:00,2024-04-26 09:10:00+00:00,65.49.1.104,US,HTTPS,200,443,10.138.69.97,Suspicious Web Traffic,Adversary Infrastructure Interaction,AWS_VPC_Flow,prod_webserver,2024-04-26 09:00:00+00:00,waf_rule,600.0,38.64333333333333,-0.2886289350697015,-0.2564973496676209,0.0,-0.2868049792785593,0.0,0.0,0.0,0.0,0.0,0.0,1.0,Normal
5736,12114,2024-04-26 09:10:00+00:00,2024-04-26 09:20:00+00:00,165.225.209.4,CA,HTTPS,200,443,10.138.69.97,Suspicious Web Traffic,Adversary Infrastructure Interaction,AWS_VPC_Flow,prod_webserver,2024-04-26 09:10:00+00:00,waf_rule,600.0,29.75,-0.2881866311662253,-0.2846650909931155,0.0,-0.2880188448927533,0.0,0.0,1.0,0.0,0.0,0.0,0.0,Normal
18187778,1142605,2024-04-26 09:00:00+00:00,2024-04-26 09:10:00+00:00,155.91.45.242,US,HTTPS,200,443,10.138.69.97,Suspicious Web Traffic,Adversary Infrastructure Interaction,AWS_VPC_Flow,prod_webserver,2024-04-26 09:00:00+00:00,waf_rule,600.0,32217.305,4.101544891633456,4.157770464084981,0.0,4.105313188781778,0.0,0.0,0.0,0.0,0.0,0.0,1.0,Normal
5482,21034,2024-04-26 09:00:00+00:00,2024-04-26 09:10:00+00:00,65.49.1.97,US,HTTPS,200,443,10.138.69.97,Suspicious Web Traffic,Adversary Infrastructure Interaction,AWS_VPC_Flow,prod_webserver,2024-04-26 09:00:00+00:00,waf_rule,600.0,44.193333333333335,-0.2882479549607029,-0.2496126003927511,0.0,-0.2860474506999862,0.0,0.0,0.0,0.0,0.0,0.0,1.0,Normal
1112,430,2024-04-26 09:00:00+00:00,2024-04-26 09:10:00+00:00,65.49.1.99,US,HTTPS,200,443,10.138.69.97,Suspicious Web Traffic,Adversary Infrastructure Interaction,AWS_VPC_Flow,prod_webserver,2024-04-26 09:00:00+00:00,waf_rule,600.0,2.57,-0.2893030139444317,-0.3305791380978979,0.0,-0.2917286875532248,0.0,0.0,0.0,0.0,0.0,0.0,1.0,Normal
833,4490,2024-04-26 09:00:00+00:00,2024-04-26 09:10:00+00:00,65.49.1.76,US,HTTPS,200,443,10.138.69.97,Suspicious Web Traffic,Adversary Infrastructure Interaction,AWS_VPC_Flow,prod_webserver,2024-04-26 09:00:00+00:00,waf_rule,600.0,8.871666666666666,-0.2893703735454524,-0.3146247533627544,0.0,-0.2908685627617579,0.0,0.0,0.0,0.0,0.0,0.0,1.0,Normal
1674,8980,2024-04-26 09:00:00+00:00,2024-04-26 09:10:00+00:00,65.49.1.96,US,HTTPS,200,443,10.138.69.97,Suspicious Web Traffic,Adversary Infrastructure Interaction,AWS_VPC_Flow,prod_webserver,2024-04-26 09:00:00+00:00,waf_rule,600.0,17.756666666666668,-0.2891673290133435,-0.2969806185201943,0.0,-0.289655834577862,0.0,0.0,0.0,0.0,0.0,0.0,1.0,Normal
1328,524,2024-04-26 09:00:00+00:00,2024-04-26 09:10:00+00:00,65.49.1.95,US,HTTPS,200,443,10.138.69.97,Suspicious Web Traffic,Adversary Infrastructure Interaction,AWS_VPC_Flow,prod_webserver,2024-04-26 09:00:00+00:00,waf_rule,600.0,3.0866666666666664,-0.2892508645758996,-0.3302097508651138,0.0,-0.2916581668747391,0.0,0.0,0.0,0.0,0.0,0.0,1.0,Normal
3534,2982,2024-04-26 09:10:00+00:00,2024-04-26 09:20:00+00:00,136.226.80.97,US,HTTPS,200,443,10.138.69.97,Suspicious Web Traffic,Adversary Infrastructure Interaction,AWS_VPC_Flow,prod_webserver,2024-04-26 09:10:00+00:00,waf_rule,600.0,10.86,-0.288718265006539,-0.3205506676929506,0.0,-0.2905971718926174,0.0,0.0,0.0,0.0,0.0,0.0,1.0,Normal
1628,8980,2024-04-26 09:00:00+00:00,2024-04-26 09:10:00+00:00,65.49.1.74,US,HTTPS,200,443,10.138.69.97,Suspicious Web Traffic,Adversary Infrastructure Interaction,AWS_VPC_Flow,prod_webserver,2024-04-26 09:00:00+00:00,waf_rule,600.0,17.68,-0.2891784348973827,-0.2969806185201943,0.0,-0.2896662989366051,0.0,0.0,0.0,0.0,0.0,0.0,1.0,Normal
5518,12114,2024-04-26 09:00:00+00:00,2024-04-26 09:10:00+00:00,165.225.209.4,CA,HTTPS,200,443,10.138.69.97,Suspicious Web Traffic,Adversary Infrastructure Interaction,AWS_VPC_Flow,prod_webserver,2024-04-26 09:00:00+00:00,waf_rule,600.0,29.386666666666667,-0.2882392633992809,-0.2846650909931155,0.0,-0.288068436853753,0.0,0.0,1.0,0.0,0.0,0.0,0.0,Normal
3314,14998,2024-04-26 09:00:00+00:00,2024-04-26 09:10:00+00:00,65.49.1.69,US,HTTPS,200,443,10.138.69.97,Suspicious Web Traffic,Adversary Infrastructure Interaction,AWS_VPC_Flow,prod_webserver,2024-04-26 09:00:00+00:00,waf_rule,600.0,30.52,-0.288771380104118,-0.2733319763191861,0.0,-0.2879137463332035,0.0,0.0,0.0,0.0,0.0,0.0,1.0,Normal
5342,11674,2024-04-26 09:00:00+00:00,2024-04-26 09:10:00+00:00,147.161.131.1,AT,HTTPS,200,443,10.138.69.97,Suspicious Web Traffic,Adversary Infrastructure Interaction,AWS_VPC_Flow,prod_webserver,2024-04-26 09:00:00+00:00,waf_rule,600.0,28.36,-0.2882817554773441,-0.2863941376146582,0.0,-0.288208568266486,0.0,1.0,0.0,0.0,0.0,0.0,0.0,Normal
6486,4458,2024-04-26 09:20:00+00:00,2024-04-26 09:30:00+00:00,147.161.161.82,AE,HTTPS,200,443,10.138.69.97,Suspicious Web Traffic,Adversary Infrastructure Interaction,AWS_VPC_Flow,prod_webserver,2024-04-26 09:20:00+00:00,waf_rule,600.0,18.24,-0.2880055569699332,-0.3147505022079575,0.0,-0.2895898636205689,1.0,0.0,0.0,0.0,0.0,0.0,0.0,Normal
24506,34772,2024-04-26 09:20:00+00:00,2024-04-26 09:30:00+00:00,136.226.67.101,US,HTTPS,200,443,10.138.69.97,Suspicious Web Traffic,Adversary Infrastructure Interaction,AWS_VPC_Flow,prod_webserver,2024-04-26 09:20:00+00:00,waf_rule,600.0,98.79666666666668,-0.2836549476136876,-0.1956270492864947,0.0,-0.2785945524143369,0.0,0.0,0.0,0.0,0.0,0.0,1.0,Normal
1942449,49030,2024-04-26 09:20:00+00:00,2024-04-26 09:30:00+00:00,165.225.240.79,NL,HTTPS,200,443,10.138.69.97,Suspicious Web Traffic,Adversary Infrastructure Interaction,AWS_VPC_Flow,prod_webserver,2024-04-26 09:20:00+00:00,waf_rule,600.0,3319.1316666666667,0.1793983687318025,-0.1395980794456879,0.0,0.160954239491829,0.0,0.0,0.0,0.0,0.0,1.0,0.0,Normal
3976,11176,2024-04-26 09:20:00+00:00,2024-04-26 09:30:00+00:00,94.188.248.74,IL,HTTPS,200,443,10.138.69.97,Suspicious Web Traffic,Adversary Infrastructure Interaction,AWS_VPC_Flow,prod_webserver,2024-04-26 09:20:00+00:00,waf_rule,600.0,25.25333333333333,-0.2886115519468575,-0.2883511040181314,0.0,-0.2886326022816393,0.0,0.0,0.0,0.0,1.0,0.0,0.0,Normal
10162,23142,2024-04-26 09:20:00+00:00,2024-04-26 09:30:00+00:00,165.225.26.101,DE,HTTPS,200,443,10.138.69.97,Suspicious Web Traffic,Adversary Infrastructure Interaction,AWS_VPC_Flow,prod_webserver,2024-04-26 09:20:00+00:00,waf_rule,600.0,55.50666666666667,-0.28711805197584,-0.2413288952149968,0.0,-0.2845032753272071,0.0,0.0,0.0,1.0,0.0,0.0,0.0,Normal
18231909,1116695,2024-04-26 09:20:00+00:00,2024-04-26 09:30:00+00:00,155.91.45.242,US,HTTPS,200,443,10.138.69.97,Suspicious Web Traffic,Adversary Infrastructure Interaction,AWS_VPC_Flow,prod_webserver,2024-04-26 09:20:00+00:00,waf_rule,600.0,32247.67333333333,4.112199538775546,4.055953195984595,0.0,4.109458212274324,0.0,0.0,0.0,0.0,0.0,0.0,1.0,Suspicious
22070,23511,2024-04-26 09:20:00+00:00,2024-04-26 09:30:00+00:00,165.225.209.4,CA,HTTPS,200,443,10.138.69.97,Suspicious Web Traffic,Adversary Infrastructure Interaction,AWS_VPC_Flow,prod_webserver,2024-04-26 09:20:00+00:00,waf_rule,600.0,75.96833333333333,-0.2842430766032444,-0.2398788538437485,0.0,-0.2817104289731104,0.0,0.0,1.0,0.0,0.0,0.0,0.0,Normal
10222,15024,2024-04-26 09:20:00+00:00,2024-04-26 09:30:00+00:00,147.161.131.1,AT,HTTPS,200,443,10.138.69.97,Suspicious Web Traffic,Adversary Infrastructure Interaction,AWS_VPC_Flow,prod_webserver,2024-04-26 09:20:00+00:00,waf_rule,600.0,42.07666666666667,-0.2871035660401366,-0.2732298053824585,0.0,-0.2863363579957182,0.0,1.0,0.0,0.0,0.0,0.0,0.0,Normal
4392,11674,2024-04-26 09:30:00+00:00,2024-04-26 09:40:00+00:00,147.161.161.82,AE,HTTPS,200,443,10.138.69.97,Suspicious Web Traffic,Adversary Infrastructure Interaction,AWS_VPC_Flow,prod_webserver,2024-04-26 09:30:00+00:00,waf_rule,600.0,26.776666666666667,-0.2885111161259808,-0.2863941376146582,0.0,-0.288424680023136,1.0,0.0,0.0,0.0,0.0,0.0,0.0,Normal
14150,26266,2024-04-26 09:30:00+00:00,2024-04-26 09:40:00+00:00,136.226.67.101,US,HTTPS,200,443,10.138.69.97,Suspicious Web Traffic,Adversary Infrastructure Interaction,AWS_VPC_Flow,prod_webserver,2024-04-26 09:30:00+00:00,waf_rule,600.0,67.36,-0.2861552201160893,-0.229052664202044,0.0,-0.2828853944711074,0.0,0.0,0.0,0.0,0.0,0.0,1.0,Normal
43550,13546,2024-04-26 09:30:00+00:00,2024-04-26 09:40:00+00:00,136.226.64.114,US,HTTPS,200,443,10.138.69.97,Suspicious Web Traffic,Adversary Infrastructure Interaction,AWS_VPC_Flow,prod_webserver,2024-04-26 09:30:00+00:00,waf_rule,600.0,95.16,-0.2790571116214378,-0.2790378301702768,0.0,-0.279090926996453,0.0,0.0,0.0,0.0,0.0,0.0,1.0,Normal
7474,14080,2024-04-26 09:30:00+00:00,2024-04-26 09:40:00+00:00,94.188.248.74,IL,HTTPS,200,443,10.138.69.97,Suspicious Web Traffic,Adversary Infrastructure Interaction,AWS_VPC_Flow,prod_webserver,2024-04-26 09:30:00+00:00,waf_rule,600.0,35.92333333333333,-0.287767021895351,-0.27693939631595,0.0,-0.287176236527878,0.0,0.0,0.0,0.0,1.0,0.0,0.0,Normal
1248666,38254,2024-04-26 09:30:00+00:00,2024-04-26 09:40:00+00:00,165.225.240.79,NL,HTTPS,200,443,10.138.69.97,Suspicious Web Traffic,Adversary Infrastructure Interaction,AWS_VPC_Flow,prod_webserver,2024-04-26 09:30:00+00:00,waf_rule,600.0,2144.866666666667,0.011896769896945,-0.1819440030678322,0.0,0.0006768888038745,0.0,0.0,0.0,0.0,0.0,1.0,0.0,Normal
9908,14552,2024-04-26 09:30:00+00:00,2024-04-26 09:40:00+00:00,165.225.26.101,DE,HTTPS,200,443,10.138.69.97,Suspicious Web Traffic,Adversary Infrastructure Interaction,AWS_VPC_Flow,prod_webserver,2024-04-26 09:30:00+00:00,waf_rule,600.0,40.766666666666666,-0.2871793757703176,-0.2750846008492043,0.0,-0.2865151620385887,0.0,0.0,0.0,1.0,0.0,0.0,0.0,Normal
24326941,1529035,2024-04-26 09:30:00+00:00,2024-04-26 09:40:00+00:00,155.91.45.242,US,HTTPS,200,443,10.138.69.97,Suspicious Web Traffic,Adversary Infrastructure Interaction,AWS_VPC_Flow,prod_webserver,2024-04-26 09:30:00+00:00,waf_rule,600.0,43093.293333333335,5.583736899808636,5.676305659454807,0.0,5.58979462711109,0.0,0.0,0.0,0.0,0.0,0.0,1.0,Suspicious
28062,52066,2024-04-26 09:30:00+00:00,2024-04-26 09:40:00+00:00,165.225.209.4,CA,HTTPS,200,443,10.138.69.97,Suspicious Web Traffic,Adversary Infrastructure Interaction,AWS_VPC_Flow,prod_webserver,2024-04-26 09:30:00+00:00,waf_rule,600.0,133.54666666666665,-0.2827964144910012,-0.1276676577570437,0.0,-0.2738514680710188,0.0,0.0,1.0,0.0,0.0,0.0,0.0,Normal
8928,5548,2024-04-26 09:30:00+00:00,2024-04-26 09:40:00+00:00,147.161.131.1,AT,HTTPS,200,443,10.138.69.97,Suspicious Web Traffic,Adversary Infrastructure Interaction,AWS_VPC_Flow,prod_webserver,2024-04-26 09:30:00+00:00,waf_rule,600.0,24.126666666666665,-0.287415979386806,-0.3104671821682269,0.0,-0.2887863828579502,0.0,1.0,0.0,0.0,0.0,0.0,0.0,Normal
5348,4296,2024-04-26 09:40:00+00:00,2024-04-26 09:50:00+00:00,147.161.161.82,AE,HTTPS,200,443,10.138.69.97,Suspicious Web Traffic,Adversary Infrastructure Interaction,AWS_VPC_Flow,prod_webserver,2024-04-26 09:40:00+00:00,waf_rule,600.0,16.073333333333334,-0.2882803068837738,-0.3153871057367982,0.0,-0.2898855954980899,1.0,0.0,0.0,0.0,0.0,0.0,0.0,Normal
8052,13298,2024-04-26 09:40:00+00:00,2024-04-26 09:50:00+00:00,165.225.33.6,US,HTTPS,200,443,10.138.69.97,Suspicious Web Traffic,Adversary Infrastructure Interaction,AWS_VPC_Flow,prod_webserver,2024-04-26 09:40:00+00:00,waf_rule,600.0,35.583333333333336,-0.2876274740480752,-0.2800123837206008,0.0,-0.2872226436840428,0.0,0.0,0.0,0.0,0.0,0.0,1.0,Normal
38524,42218,2024-04-26 09:40:00+00:00,2024-04-26 09:50:00+00:00,136.226.67.101,US,HTTPS,200,443,10.138.69.97,Suspicious Web Traffic,Adversary Infrastructure Interaction,AWS_VPC_Flow,prod_webserver,2024-04-26 09:40:00+00:00,waf_rule,600.0,134.57,-0.2802705501688568,-0.1663668648682981,0.0,-0.273711791630405,0.0,0.0,0.0,0.0,0.0,0.0,1.0,Normal
28400,13364,2024-04-26 09:40:00+00:00,2024-04-26 09:50:00+00:00,165.225.212.255,CA,HTTPS,200,443,10.138.69.97,Suspicious Web Traffic,Adversary Infrastructure Interaction,AWS_VPC_Flow,prod_webserver,2024-04-26 09:40:00+00:00,waf_rule,600.0,69.60666666666667,-0.2827148103865389,-0.2797530267273694,0.0,-0.2825787432627241,0.0,0.0,1.0,0.0,0.0,0.0,0.0,Normal
2021960,78684,2024-04-26 09:40:00+00:00,2024-04-26 09:50:00+00:00,165.225.240.79,NL,HTTPS,200,443,10.138.69.97,Suspicious Web Traffic,Adversary Infrastructure Interaction,AWS_VPC_Flow,prod_webserver,2024-04-26 09:40:00+00:00,waf_rule,600.0,3501.0733333333333,0.1985948892936473,-0.023068196456539,0.0,0.1857877551915086,0.0,0.0,0.0,0.0,0.0,1.0,0.0,Normal
7382,4370,2024-04-26 09:40:00+00:00,2024-04-26 09:50:00+00:00,136.226.77.103,CA,HTTPS,200,443,10.138.69.97,Suspicious Web Traffic,Adversary Infrastructure Interaction,AWS_VPC_Flow,prod_webserver,2024-04-26 09:40:00+00:00,waf_rule,600.0,19.586666666666662,-0.2877892336634295,-0.3150963115322661,0.0,-0.2894060548843866,0.0,0.0,1.0,0.0,0.0,0.0,0.0,Normal
9232,23036,2024-04-26 09:40:00+00:00,2024-04-26 09:50:00+00:00,165.225.26.101,DE,HTTPS,200,443,10.138.69.97,Suspicious Web Traffic,Adversary Infrastructure Interaction,AWS_VPC_Flow,prod_webserver,2024-04-26 09:40:00+00:00,waf_rule,600.0,53.78,-0.2873425839792423,-0.241745438264732,0.0,-0.2847389508849854,0.0,0.0,0.0,1.0,0.0,0.0,0.0,Normal
25199191,1557598,2024-04-26 09:40:00+00:00,2024-04-26 09:50:00+00:00,155.91.45.242,US,HTTPS,200,443,10.138.69.97,Suspicious Web Traffic,Adversary Infrastructure Interaction,AWS_VPC_Flow,prod_webserver,2024-04-26 09:40:00+00:00,waf_rule,600.0,44594.64833333333,5.794326190096383,5.788548292752812,0.0,5.7947170269459765,0.0,0.0,0.0,0.0,0.0,0.0,1.0,Suspicious
6216,13027,2024-04-26 09:40:00+00:00,2024-04-26 09:50:00+00:00,165.225.209.4,CA,HTTPS,200,443,10.138.69.97,Suspicious Web Traffic,Adversary Infrastructure Interaction,AWS_VPC_Flow,prod_webserver,2024-04-26 09:40:00+00:00,waf_rule,600.0,32.071666666666665,-0.2880707436805984,-0.2810773192534146,0.0,-0.2877019568116865,0.0,0.0,1.0,0.0,0.0,0.0,0.0,Normal
3996,11674,2024-04-26 09:40:00+00:00,2024-04-26 09:50:00+00:00,147.161.131.1,AT,HTTPS,200,443,10.138.69.97,Suspicious Web Traffic,Adversary Infrastructure Interaction,AWS_VPC_Flow,prod_webserver,2024-04-26 09:40:00+00:00,waf_rule,600.0,26.116666666666667,-0.288606723301623,-0.2863941376146582,0.0,-0.2885147645027501,0.0,1.0,0.0,0.0,0.0,0.0,0.0,Normal
4324,11778,2024-04-26 09:40:00+00:00,2024-04-26 09:50:00+00:00,136.226.80.97,US,HTTPS,200,443,10.138.69.97,Suspicious Web Traffic,Adversary Infrastructure Interaction,AWS_VPC_Flow,prod_webserver,2024-04-26 09:40:00+00:00,waf_rule,600.0,26.836666666666662,-0.288527533519778,-0.2859854538677481,0.0,-0.2884164905249893,0.0,0.0,0.0,0.0,0.0,0.0,1.0,Normal
21752,22356,2024-04-26 09:50:00+00:00,2024-04-26 10:00:00+00:00,136.226.67.101,US,HTTPS,200,443,10.138.69.97,Suspicious Web Traffic,Adversary Infrastructure Interaction,AWS_VPC_Flow,prod_webserver,2024-04-26 09:50:00+00:00,waf_rule,600.0,73.51333333333334,-0.2843198520624723,-0.244417601225298,0.0,-0.2820455159389477,0.0,0.0,0.0,0.0,0.0,0.0,1.0,Normal
28988,15340,2024-04-26 09:50:00+00:00,2024-04-26 10:00:00+00:00,165.225.213.7,CA,HTTPS,200,443,10.138.69.97,Suspicious Web Traffic,Adversary Infrastructure Interaction,AWS_VPC_Flow,prod_webserver,2024-04-26 09:50:00+00:00,waf_rule,600.0,73.88,-0.2825728482166458,-0.2719880355360779,0.0,-0.2819954690058288,0.0,0.0,1.0,0.0,0.0,0.0,0.0,Normal
30450,14276,2024-04-26 09:50:00+00:00,2024-04-26 10:00:00+00:00,136.226.64.114,US,HTTPS,200,443,10.138.69.97,Suspicious Web Traffic,Adversary Infrastructure Interaction,AWS_VPC_Flow,prod_webserver,2024-04-26 09:50:00+00:00,waf_rule,600.0,74.54333333333334,-0.282219874250007,-0.276169184639081,0.0,-0.2819049295540954,0.0,0.0,0.0,0.0,0.0,0.0,1.0,Normal
3976,11178,2024-04-26 09:50:00+00:00,2024-04-26 10:00:00+00:00,94.188.248.74,IL,HTTPS,200,443,10.138.69.97,Suspicious Web Traffic,Adversary Infrastructure Interaction,AWS_VPC_Flow,prod_webserver,2024-04-26 09:50:00+00:00,waf_rule,600.0,25.256666666666668,-0.2886115519468575,-0.2883432447153062,0.0,-0.28863214730952,0.0,0.0,0.0,0.0,1.0,0.0,0.0,Normal
3782,11038,2024-04-26 09:50:00+00:00,2024-04-26 10:00:00+00:00,165.225.240.79,NL,HTTPS,200,443,10.138.69.97,Suspicious Web Traffic,Adversary Infrastructure Interaction,AWS_VPC_Flow,prod_webserver,2024-04-26 09:50:00+00:00,waf_rule,600.0,24.7,-0.2886583898056317,-0.2888933959130698,0.0,-0.288708127653437,0.0,0.0,0.0,0.0,0.0,1.0,0.0,Normal
40,264,2024-04-26 09:50:00+00:00,2024-04-26 10:00:00+00:00,192.241.205.18,US,HTTPS,200,443,10.138.69.97,Suspicious Web Traffic,Adversary Infrastructure Interaction,AWS_VPC_Flow,prod_webserver,2024-04-26 09:50:00+00:00,waf_rule,600.0,0.5066666666666667,-0.2895618293289986,-0.331231460232389,0.0,-0.2920103152950487,0.0,0.0,0.0,0.0,0.0,0.0,1.0,Normal
41336,13180,2024-04-26 09:50:00+00:00,2024-04-26 10:00:00+00:00,136.226.77.103,CA,HTTPS,200,443,10.138.69.97,Suspicious Web Traffic,Adversary Infrastructure Interaction,AWS_VPC_Flow,prod_webserver,2024-04-26 09:50:00+00:00,waf_rule,600.0,90.86,-0.2795916426488922,-0.2804760825872872,0.0,-0.2796778410303024,0.0,0.0,1.0,0.0,0.0,0.0,0.0,Normal
3638,3190,2024-04-26 09:50:00+00:00,2024-04-26 10:00:00+00:00,165.225.26.101,DE,HTTPS,200,443,10.138.69.97,Suspicious Web Traffic,Adversary Infrastructure Interaction,AWS_VPC_Flow,prod_webserver,2024-04-26 09:50:00+00:00,waf_rule,600.0,11.38,-0.2886931560513198,-0.3197333001991304,0.0,-0.2905261962420124,0.0,0.0,0.0,1.0,0.0,0.0,0.0,Normal
25207794,1561220,2024-04-26 09:50:00+00:00,2024-04-26 10:00:00+00:00,155.91.45.242,US,HTTPS,200,443,10.138.69.97,Suspicious Web Traffic,Adversary Infrastructure Interaction,AWS_VPC_Flow,prod_webserver,2024-04-26 09:50:00+00:00,waf_rule,600.0,44615.02333333333,5.796403231843985,5.802781490169238,0.0,5.797498044024972,0.0,0.0,0.0,0.0,0.0,0.0,1.0,Suspicious
5736,12114,2024-04-26 09:50:00+00:00,2024-04-26 10:00:00+00:00,165.225.209.4,CA,HTTPS,200,443,10.138.69.97,Suspicious Web Traffic,Adversary Infrastructure Interaction,AWS_VPC_Flow,prod_webserver,2024-04-26 09:50:00+00:00,waf_rule,600.0,29.75,-0.2881866311662253,-0.2846650909931155,0.0,-0.2880188448927533,0.0,0.0,1.0,0.0,0.0,0.0,0.0,Normal
9032,5862,2024-04-26 09:50:00+00:00,2024-04-26 10:00:00+00:00,147.161.131.1,AT,HTTPS,200,443,10.138.69.97,Suspicious Web Traffic,Adversary Infrastructure Interaction,AWS_VPC_Flow,prod_webserver,2024-04-26 09:50:00+00:00,waf_rule,600.0,24.82333333333333,-0.2873908704315868,-0.3092332716246714,0.0,-0.2886912936850242,0.0,1.0,0.0,0.0,0.0,0.0,0.0,Normal
